,INTERVALSTARTTIME_MST,INTERVALENDTIME_MST,NODE,LMP_TYPE,MW,Year,Month,Day,Hour (MST),Minute
0,2025-01-25 00:00:00,2025-01-25 01:00:00,PALOVRDE_5_N101,LMP,51.50668,2025,01,25,00,00
1,2025-01-25 00:00:00,2025-01-25 01:00:00,PALOVRDE_5_N101,Congestion,0.0,2025,01,25,00,00
2,2025-01-25 00:00:00,2025-01-25 01:00:00,PALOVRDE_5_N101,Energy,54.04121,2025,01,25,00,00
3,2025-01-25 00:00:00,2025-01-25 01:00:00,PALOVRDE_5_N101,Loss,-2.53453,2025,01,25,00,00
4,2025-01-25 00:00:00,2025-01-25 01:00:00,PALOVRDE_5_N101,Greenhouse Gas,0.0,2025,01,25,00,00
102,2025-01-25 01:00:00,2025-01-25 02:00:00,PALOVRDE_5_N101,Greenhouse Gas,0.0,2025,01,25,01,00
48,2025-01-25 01:00:00,2025-01-25 02:00:00,PALOVRDE_5_N101,Congestion,-8.24804,2025,01,25,01,00
22,2025-01-25 01:00:00,2025-01-25 02:00:00,PALOVRDE_5_N101,LMP,40.0,2025,01,25,01,00
57,2025-01-25 01:00:00,2025-01-25 02:00:00,PALOVRDE_5_N101,Energy,51.04532,2025,01,25,01,00
97,2025-01-25 01:00:00,2025-01-25 02:00:00,PALOVRDE_5_N101,Loss,-2.79728,2025,01,25,01,00
29,2025-01-25 02:00:00,2025-01-25 03:00:00,PALOVRDE_5_N101,Congestion,-8.4949,2025,01,25,02,00
104,2025-01-25 02:00:00,2025-01-25 03:00:00,PALOVRDE_5_N101,Greenhouse Gas,0.0,2025,01,25,02,00
93,2025-01-25 02:00:00,2025-01-25 03:00:00,PALOVRDE_5_N101,Loss,-2.59296,2025,01,25,02,00
70,2025-01-25 02:00:00,2025-01-25 03:00:00,PALOVRDE_5_N101,Energy,52.38303,2025,01,25,02,00
18,2025-01-25 02:00:00,2025-01-25 03:00:00,PALOVRDE_5_N101,LMP,41.29517,2025,01,25,02,00
69,2025-01-25 03:00:00,2025-01-25 04:00:00,PALOVRDE_5_N101,Energy,49.78263,2025,01,25,03,00
11,2025-01-25 03:00:00,2025-01-25 04:00:00,PALOVRDE_5_N101,LMP,42.87278,2025,01,25,03,00
34,2025-01-25 03:00:00,2025-01-25 04:00:00,PALOVRDE_5_N101,Congestion,-4.55015,2025,01,25,03,00
99,2025-01-25 03:00:00,2025-01-25 04:00:00,PALOVRDE_5_N101,Loss,-2.3597,2025,01,25,03,00
110,2025-01-25 03:00:00,2025-01-25 04:00:00,PALOVRDE_5_N101,Greenhouse Gas,0.0,2025,01,25,03,00
74,2025-01-25 04:00:00,2025-01-25 05:00:00,PALOVRDE_5_N101,Energy,48.31452,2025,01,25,04,00
87,2025-01-25 04:00:00,2025-01-25 05:00:00,PALOVRDE_5_N101,Loss,-2.18865,2025,01,25,04,00
103,2025-01-25 04:00:00,2025-01-25 05:00:00,PALOVRDE_5_N101,Greenhouse Gas,0.0,2025,01,25,04,00
5,2025-01-25 04:00:00,2025-01-25 05:00:00,PALOVRDE_5_N101,LMP,41.61603,2025,01,25,04,00
49,2025-01-25 04:00:00,2025-01-25 05:00:00,PALOVRDE_5_N101,Congestion,-4.50984,2025,01,25,04,00
118,2025-01-25 05:00:00,2025-01-25 06:00:00,PALOVRDE_5_N101,Greenhouse Gas,0.0,2025,01,25,05,00
86,2025-01-25 05:00:00,2025-01-25 06:00:00,PALOVRDE_5_N101,Loss,-2.25444,2025,01,25,05,00
53,2025-01-25 05:00:00,2025-01-25 06:00:00,PALOVRDE_5_N101,Energy,49.11632,2025,01,25,05,00
7,2025-01-25 05:00:00,2025-01-25 06:00:00,PALOVRDE_5_N101,LMP,42.94581,2025,01,25,05,00
30,2025-01-25 05:00:00,2025-01-25 06:00:00,PALOVRDE_5_N101,Congestion,-3.91607,2025,01,25,05,00
121,2025-01-25 06:00:00,2025-01-25 07:00:00,PALOVRDE_5_N101,Greenhouse Gas,0.0,2025,01,25,06,00
100,2025-01-25 06:00:00,2025-01-25 07:00:00,PALOVRDE_5_N101,Loss,-2.39467,2025,01,25,06,00
24,2025-01-25 06:00:00,2025-01-25 07:00:00,PALOVRDE_5_N101,LMP,42.33701,2025,01,25,06,00
56,2025-01-25 06:00:00,2025-01-25 07:00:00,PALOVRDE_5_N101,Energy,50.41418,2025,01,25,06,00
36,2025-01-25 06:00:00,2025-01-25 07:00:00,PALOVRDE_5_N101,Congestion,-5.68249,2025,01,25,06,00
79,2025-01-25 07:00:00,2025-01-25 08:00:00,PALOVRDE_5_N101,Loss,-2.79603,2025,01,25,07,00
71,2025-01-25 07:00:00,2025-01-25 08:00:00,PALOVRDE_5_N101,Energy,54.5035,2025,01,25,07,00
42,2025-01-25 07:00:00,2025-01-25 08:00:00,PALOVRDE_5_N101,Congestion,-3.94119,2025,01,25,07,00
8,2025-01-25 07:00:00,2025-01-25 08:00:00,PALOVRDE_5_N101,LMP,47.76628,2025,01,25,07,00
111,2025-01-25 07:00:00,2025-01-25 08:00:00,PALOVRDE_5_N101,Greenhouse Gas,0.0,2025,01,25,07,00
105,2025-01-25 08:00:00,2025-01-25 09:00:00,PALOVRDE_5_N101,Greenhouse Gas,0.0,2025,01,25,08,00
81,2025-01-25 08:00:00,2025-01-25 09:00:00,PALOVRDE_5_N101,Loss,-3.69663,2025,01,25,08,00
67,2025-01-25 08:00:00,2025-01-25 09:00:00,PALOVRDE_5_N101,Energy,54.68388,2025,01,25,08,00
50,2025-01-25 08:00:00,2025-01-25 09:00:00,PALOVRDE_5_N101,Congestion,-2.4744,2025,01,25,08,00
16,2025-01-25 08:00:00,2025-01-25 09:00:00,PALOVRDE_5_N101,LMP,48.51285,2025,01,25,08,00
85,2025-01-25 09:00:00,2025-01-25 10:00:00,PALOVRDE_5_N101,Loss,-3.51545,2025,01,25,09,00
43,2025-01-25 09:00:00,2025-01-25 10:00:00,PALOVRDE_5_N101,Congestion,-9.783,2025,01,25,09,00
101,2025-01-25 09:00:00,2025-01-25 10:00:00,PALOVRDE_5_N101,Greenhouse Gas,0.0,2025,01,25,09,00
63,2025-01-25 09:00:00,2025-01-25 10:00:00,PALOVRDE_5_N101,Energy,49.02994,2025,01,25,09,00
23,2025-01-25 09:00:00,2025-01-25 10:00:00,PALOVRDE_5_N101,LMP,35.73149,2025,01,25,09,00
47,2025-01-25 10:00:00,2025-01-25 11:00:00,PALOVRDE_5_N101,Congestion,-16.41258,2025,01,25,10,00
12,2025-01-25 10:00:00,2025-01-25 11:00:00,PALOVRDE_5_N101,LMP,21.55331,2025,01,25,10,00
84,2025-01-25 10:00:00,2025-01-25 11:00:00,PALOVRDE_5_N101,Loss,-3.24315,2025,01,25,10,00
116,2025-01-25 10:00:00,2025-01-25 11:00:00,PALOVRDE_5_N101,Greenhouse Gas,0.0,2025,01,25,10,00
62,2025-01-25 10:00:00,2025-01-25 11:00:00,PALOVRDE_5_N101,Energy,41.20903,2025,01,25,10,00
78,2025-01-25 11:00:00,2025-01-25 12:00:00,PALOVRDE_5_N101,Loss,-2.58352,2025,01,25,11,00
13,2025-01-25 11:00:00,2025-01-25 12:00:00,PALOVRDE_5_N101,LMP,18.10369,2025,01,25,11,00
119,2025-01-25 11:00:00,2025-01-25 12:00:00,PALOVRDE_5_N101,Greenhouse Gas,0.0,2025,01,25,11,00
65,2025-01-25 11:00:00,2025-01-25 12:00:00,PALOVRDE_5_N101,Energy,33.94905,2025,01,25,11,00
51,2025-01-25 11:00:00,2025-01-25 12:00:00,PALOVRDE_5_N101,Congestion,-13.26183,2025,01,25,11,00
76,2025-01-25 12:00:00,2025-01-25 13:00:00,PALOVRDE_5_N101,Energy,29.96217,2025,01,25,12,00
106,2025-01-25 12:00:00,2025-01-25 13:00:00,PALOVRDE_5_N101,Greenhouse Gas,0.0,2025,01,25,12,00
31,2025-01-25 12:00:00,2025-01-25 13:00:00,PALOVRDE_5_N101,Congestion,-13.3455,2025,01,25,12,00
92,2025-01-25 12:00:00,2025-01-25 13:00:00,PALOVRDE_5_N101,Loss,-2.31308,2025,01,25,12,00
14,2025-01-25 12:00:00,2025-01-25 13:00:00,PALOVRDE_5_N101,LMP,14.30359,2025,01,25,12,00
73,2025-01-25 13:00:00,2025-01-25 14:00:00,PALOVRDE_5_N101,Energy,23.61131,2025,01,25,13,00
91,2025-01-25 13:00:00,2025-01-25 14:00:00,PALOVRDE_5_N101,Loss,-1.73779,2025,01,25,13,00
120,2025-01-25 13:00:00,2025-01-25 14:00:00,PALOVRDE_5_N101,Greenhouse Gas,0.0,2025,01,25,13,00
9,2025-01-25 13:00:00,2025-01-25 14:00:00,PALOVRDE_5_N101,LMP,10.80375,2025,01,25,13,00
39,2025-01-25 13:00:00,2025-01-25 14:00:00,PALOVRDE_5_N101,Congestion,-11.06977,2025,01,25,13,00
40,2025-01-25 14:00:00,2025-01-25 15:00:00,PALOVRDE_5_N101,Congestion,-11.94327,2025,01,25,14,00
25,2025-01-25 14:00:00,2025-01-25 15:00:00,PALOVRDE_5_N101,LMP,7.53927,2025,01,25,14,00
117,2025-01-25 14:00:00,2025-01-25 15:00:00,PALOVRDE_5_N101,Greenhouse Gas,0.0,2025,01,25,14,00
75,2025-01-25 14:00:00,2025-01-25 15:00:00,PALOVRDE_5_N101,Energy,21.0531,2025,01,25,14,00
90,2025-01-25 14:00:00,2025-01-25 15:00:00,PALOVRDE_5_N101,Loss,-1.57056,2025,01,25,14,00
66,2025-01-25 15:00:00,2025-01-25 16:00:00,PALOVRDE_5_N101,Energy,26.25665,2025,01,25,15,00
32,2025-01-25 15:00:00,2025-01-25 16:00:00,PALOVRDE_5_N101,Congestion,-15.19683,2025,01,25,15,00
98,2025-01-25 15:00:00,2025-01-25 16:00:00,PALOVRDE_5_N101,Loss,-2.02701,2025,01,25,15,00
107,2025-01-25 15:00:00,2025-01-25 16:00:00,PALOVRDE_5_N101,Greenhouse Gas,0.0,2025,01,25,15,00
17,2025-01-25 15:00:00,2025-01-25 16:00:00,PALOVRDE_5_N101,LMP,9.03281,2025,01,25,15,00
72,2025-01-25 16:00:00,2025-01-25 17:00:00,PALOVRDE_5_N101,Energy,38.81649,2025,01,25,16,00
28,2025-01-25 16:00:00,2025-01-25 17:00:00,PALOVRDE_5_N101,LMP,19.15439,2025,01,25,16,00
44,2025-01-25 16:00:00,2025-01-25 17:00:00,PALOVRDE_5_N101,Congestion,-16.55289,2025,01,25,16,00
77,2025-01-25 16:00:00,2025-01-25 17:00:00,PALOVRDE_5_N101,Loss,-3.1092,2025,01,25,16,00
108,2025-01-25 16:00:00,2025-01-25 17:00:00,PALOVRDE_5_N101,Greenhouse Gas,0.0,2025,01,25,16,00
96,2025-01-25 17:00:00,2025-01-25 18:00:00,PALOVRDE_5_N101,Loss,-3.66269,2025,01,25,17,00
112,2025-01-25 17:00:00,2025-01-25 18:00:00,PALOVRDE_5_N101,Greenhouse Gas,0.0,2025,01,25,17,00
45,2025-01-25 17:00:00,2025-01-25 18:00:00,PALOVRDE_5_N101,Congestion,-6.24994,2025,01,25,17,00
26,2025-01-25 17:00:00,2025-01-25 18:00:00,PALOVRDE_5_N101,LMP,43.95046,2025,01,25,17,00
54,2025-01-25 17:00:00,2025-01-25 18:00:00,PALOVRDE_5_N101,Energy,53.86309,2025,01,25,17,00
83,2025-01-25 18:00:00,2025-01-25 19:00:00,PALOVRDE_5_N101,Loss,-4.8905,2025,01,25,18,00
10,2025-01-25 18:00:00,2025-01-25 19:00:00,PALOVRDE_5_N101,LMP,47.96413,2025,01,25,18,00
61,2025-01-25 18:00:00,2025-01-25 19:00:00,PALOVRDE_5_N101,Energy,60.07988,2025,01,25,18,00
52,2025-01-25 18:00:00,2025-01-25 19:00:00,PALOVRDE_5_N101,Congestion,-7.22524,2025,01,25,18,00
113,2025-01-25 18:00:00,2025-01-25 19:00:00,PALOVRDE_5_N101,Greenhouse Gas,0.0,2025,01,25,18,00
89,2025-01-25 19:00:00,2025-01-25 20:00:00,PALOVRDE_5_N101,Loss,-4.93486,2025,01,25,19,00
123,2025-01-25 19:00:00,2025-01-25 20:00:00,PALOVRDE_5_N101,Greenhouse Gas,0.0,2025,01,25,19,00
68,2025-01-25 19:00:00,2025-01-25 20:00:00,PALOVRDE_5_N101,Energy,59.38464,2025,01,25,19,00
27,2025-01-25 19:00:00,2025-01-25 20:00:00,PALOVRDE_5_N101,LMP,48.84506,2025,01,25,19,00
35,2025-01-25 19:00:00,2025-01-25 20:00:00,PALOVRDE_5_N101,Congestion,-5.60472,2025,01,25,19,00
82,2025-01-25 20:00:00,2025-01-25 21:00:00,PALOVRDE_5_N101,Loss,-4.25822,2025,01,25,20,00
60,2025-01-25 20:00:00,2025-01-25 21:00:00,PALOVRDE_5_N101,Energy,57.46588,2025,01,25,20,00
19,2025-01-25 20:00:00,2025-01-25 21:00:00,PALOVRDE_5_N101,LMP,48.66888,2025,01,25,20,00
114,2025-01-25 20:00:00,2025-01-25 21:00:00,PALOVRDE_5_N101,Greenhouse Gas,0.0,2025,01,25,20,00
37,2025-01-25 20:00:00,2025-01-25 21:00:00,PALOVRDE_5_N101,Congestion,-4.53878,2025,01,25,20,00
115,2025-01-25 21:00:00,2025-01-25 22:00:00,PALOVRDE_5_N101,Greenhouse Gas,0.0,2025,01,25,21,00
20,2025-01-25 21:00:00,2025-01-25 22:00:00,PALOVRDE_5_N101,LMP,48.74494,2025,01,25,21,00
38,2025-01-25 21:00:00,2025-01-25 22:00:00,PALOVRDE_5_N101,Congestion,-4.81394,2025,01,25,21,00
59,2025-01-25 21:00:00,2025-01-25 22:00:00,PALOVRDE_5_N101,Energy,57.47895,2025,01,25,21,00
95,2025-01-25 21:00:00,2025-01-25 22:00:00,PALOVRDE_5_N101,Loss,-3.92006,2025,01,25,21,00
80,2025-01-25 22:00:00,2025-01-25 23:00:00,PALOVRDE_5_N101,Loss,-3.77188,2025,01,25,22,00
122,2025-01-25 22:00:00,2025-01-25 23:00:00,PALOVRDE_5_N101,Greenhouse Gas,0.0,2025,01,25,22,00
46,2025-01-25 22:00:00,2025-01-25 23:00:00,PALOVRDE_5_N101,Congestion,-4.64965,2025,01,25,22,00
58,2025-01-25 22:00:00,2025-01-25 23:00:00,PALOVRDE_5_N101,Energy,57.0632,2025,01,25,22,00
21,2025-01-25 22:00:00,2025-01-25 23:00:00,PALOVRDE_5_N101,LMP,48.64167,2025,01,25,22,00
15,2025-01-25 23:00:00,2025-01-26 00:00:00,PALOVRDE_5_N101,LMP,50.02876,2025,01,25,23,00
94,2025-01-25 23:00:00,2025-01-26 00:00:00,PALOVRDE_5_N101,Loss,-3.29916,2025,01,25,23,00
41,2025-01-25 23:00:00,2025-01-26 00:00:00,PALOVRDE_5_N101,Congestion,-2.21355,2025,01,25,23,00
55,2025-01-25 23:00:00,2025-01-26 00:00:00,PALOVRDE_5_N101,Energy,55.54147,2025,01,25,23,00
109,2025-01-25 23:00:00,2025-01-26 00:00:00,PALOVRDE_5_N101,Greenhouse Gas,0.0,2025,01,25,23,00
64,2025-01-26 00:00:00,2025-01-26 01:00:00,PALOVRDE_5_N101,Energy,51.9979,2025,01,26,00,00
6,2025-01-26 00:00:00,2025-01-26 01:00:00,PALOVRDE_5_N101,LMP,47.61925,2025,01,26,00,00
33,2025-01-26 00:00:00,2025-01-26 01:00:00,PALOVRDE_5_N101,Congestion,-1.58116,2025,01,26,00,00
124,2025-01-26 00:00:00,2025-01-26 01:00:00,PALOVRDE_5_N101,Greenhouse Gas,0.0,2025,01,26,00,00
88,2025-01-26 00:00:00,2025-01-26 01:00:00,PALOVRDE_5_N101,Loss,-2.79749,2025,01,26,00,00
142,2025-01-26 01:00:00,2025-01-26 02:00:00,PALOVRDE_5_N101,LMP,51.64714,2025,01,26,01,00
186,2025-01-26 01:00:00,2025-01-26 02:00:00,PALOVRDE_5_N101,Energy,54.60683,2025,01,26,01,00
233,2025-01-26 01:00:00,2025-01-26 02:00:00,PALOVRDE_5_N101,Greenhouse Gas,0.0,2025,01,26,01,00
219,2025-01-26 01:00:00,2025-01-26 02:00:00,PALOVRDE_5_N101,Loss,-2.95969,2025,01,26,01,00
149,2025-01-26 01:00:00,2025-01-26 02:00:00,PALOVRDE_5_N101,Congestion,0.0,2025,01,26,01,00
143,2025-01-26 02:00:00,2025-01-26 03:00:00,PALOVRDE_5_N101,LMP,51.03802,2025,01,26,02,00
221,2025-01-26 02:00:00,2025-01-26 03:00:00,PALOVRDE_5_N101,Greenhouse Gas,0.0,2025,01,26,02,00
150,2025-01-26 02:00:00,2025-01-26 03:00:00,PALOVRDE_5_N101,Congestion,0.0,2025,01,26,02,00
190,2025-01-26 02:00:00,2025-01-26 03:00:00,PALOVRDE_5_N101,Energy,53.93999,2025,01,26,02,00
216,2025-01-26 02:00:00,2025-01-26 03:00:00,PALOVRDE_5_N101,Loss,-2.90197,2025,01,26,02,00
154,2025-01-26 03:00:00,2025-01-26 04:00:00,PALOVRDE_5_N101,Congestion,0.0,2025,01,26,03,00
236,2025-01-26 03:00:00,2025-01-26 04:00:00,PALOVRDE_5_N101,Greenhouse Gas,0.0,2025,01,26,03,00
175,2025-01-26 03:00:00,2025-01-26 04:00:00,PALOVRDE_5_N101,Energy,51.83192,2025,01,26,03,00
132,2025-01-26 03:00:00,2025-01-26 04:00:00,PALOVRDE_5_N101,LMP,49.27142,2025,01,26,03,00
203,2025-01-26 03:00:00,2025-01-26 04:00:00,PALOVRDE_5_N101,Loss,-2.5605,2025,01,26,03,00
125,2025-01-26 04:00:00,2025-01-26 05:00:00,PALOVRDE_5_N101,LMP,47.96776,2025,01,26,04,00
189,2025-01-26 04:00:00,2025-01-26 05:00:00,PALOVRDE_5_N101,Energy,50.48175,2025,01,26,04,00
163,2025-01-26 04:00:00,2025-01-26 05:00:00,PALOVRDE_5_N101,Congestion,0.0,2025,01,26,04,00
244,2025-01-26 04:00:00,2025-01-26 05:00:00,PALOVRDE_5_N101,Greenhouse Gas,0.0,2025,01,26,04,00
202,2025-01-26 04:00:00,2025-01-26 05:00:00,PALOVRDE_5_N101,Loss,-2.51399,2025,01,26,04,00
152,2025-01-26 05:00:00,2025-01-26 06:00:00,PALOVRDE_5_N101,Congestion,0.0,2025,01,26,05,00
182,2025-01-26 05:00:00,2025-01-26 06:00:00,PALOVRDE_5_N101,Energy,52.37797,2025,01,26,05,00
212,2025-01-26 05:00:00,2025-01-26 06:00:00,PALOVRDE_5_N101,Loss,-2.60842,2025,01,26,05,00
226,2025-01-26 05:00:00,2025-01-26 06:00:00,PALOVRDE_5_N101,Greenhouse Gas,0.0,2025,01,26,05,00
133,2025-01-26 05:00:00,2025-01-26 06:00:00,PALOVRDE_5_N101,LMP,49.76954,2025,01,26,05,00
242,2025-01-26 06:00:00,2025-01-26 07:00:00,PALOVRDE_5_N101,Greenhouse Gas,0.0,2025,01,26,06,00
181,2025-01-26 06:00:00,2025-01-26 07:00:00,PALOVRDE_5_N101,Energy,54.22827,2025,01,26,06,00
159,2025-01-26 06:00:00,2025-01-26 07:00:00,PALOVRDE_5_N101,Congestion,0.0,2025,01,26,06,00
204,2025-01-26 06:00:00,2025-01-26 07:00:00,PALOVRDE_5_N101,Loss,-2.565,2025,01,26,06,00
131,2025-01-26 06:00:00,2025-01-26 07:00:00,PALOVRDE_5_N101,LMP,51.66327,2025,01,26,06,00
237,2025-01-26 07:00:00,2025-01-26 08:00:00,PALOVRDE_5_N101,Greenhouse Gas,0.0,2025,01,26,07,00
144,2025-01-26 07:00:00,2025-01-26 08:00:00,PALOVRDE_5_N101,LMP,53.08073,2025,01,26,07,00
155,2025-01-26 07:00:00,2025-01-26 08:00:00,PALOVRDE_5_N101,Congestion,0.0,2025,01,26,07,00
214,2025-01-26 07:00:00,2025-01-26 08:00:00,PALOVRDE_5_N101,Loss,-2.86439,2025,01,26,07,00
180,2025-01-26 07:00:00,2025-01-26 08:00:00,PALOVRDE_5_N101,Energy,55.94512,2025,01,26,07,00
234,2025-01-26 08:00:00,2025-01-26 09:00:00,PALOVRDE_5_N101,Greenhouse Gas,0.0,2025,01,26,08,00
184,2025-01-26 08:00:00,2025-01-26 09:00:00,PALOVRDE_5_N101,Energy,53.85742,2025,01,26,08,00
148,2025-01-26 08:00:00,2025-01-26 09:00:00,PALOVRDE_5_N101,LMP,45.75558,2025,01,26,08,00
164,2025-01-26 08:00:00,2025-01-26 09:00:00,PALOVRDE_5_N101,Congestion,-4.35875,2025,01,26,08,00
198,2025-01-26 08:00:00,2025-01-26 09:00:00,PALOVRDE_5_N101,Loss,-3.74309,2025,01,26,08,00
165,2025-01-26 09:00:00,2025-01-26 10:00:00,PALOVRDE_5_N101,Congestion,-23.28602,2025,01,26,09,00
185,2025-01-26 09:00:00,2025-01-26 10:00:00,PALOVRDE_5_N101,Energy,47.36257,2025,01,26,09,00
145,2025-01-26 09:00:00,2025-01-26 10:00:00,PALOVRDE_5_N101,LMP,20.75643,2025,01,26,09,00
223,2025-01-26 09:00:00,2025-01-26 10:00:00,PALOVRDE_5_N101,Greenhouse Gas,0.0,2025,01,26,09,00
200,2025-01-26 09:00:00,2025-01-26 10:00:00,PALOVRDE_5_N101,Loss,-3.32012,2025,01,26,09,00
208,2025-01-26 10:00:00,2025-01-26 11:00:00,PALOVRDE_5_N101,Loss,-3.20475,2025,01,26,10,00
153,2025-01-26 10:00:00,2025-01-26 11:00:00,PALOVRDE_5_N101,Congestion,-23.94659,2025,01,26,10,00
139,2025-01-26 10:00:00,2025-01-26 11:00:00,PALOVRDE_5_N101,LMP,17.05209,2025,01,26,10,00
235,2025-01-26 10:00:00,2025-01-26 11:00:00,PALOVRDE_5_N101,Greenhouse Gas,0.0,2025,01,26,10,00
179,2025-01-26 10:00:00,2025-01-26 11:00:00,PALOVRDE_5_N101,Energy,44.20343,2025,01,26,10,00
196,2025-01-26 11:00:00,2025-01-26 12:00:00,PALOVRDE_5_N101,Energy,40.30426,2025,01,26,11,00
210,2025-01-26 11:00:00,2025-01-26 12:00:00,PALOVRDE_5_N101,Loss,-2.80115,2025,01,26,11,00
224,2025-01-26 11:00:00,2025-01-26 12:00:00,PALOVRDE_5_N101,Greenhouse Gas,0.0,2025,01,26,11,00
156,2025-01-26 11:00:00,2025-01-26 12:00:00,PALOVRDE_5_N101,Congestion,-23.13495,2025,01,26,11,00
146,2025-01-26 11:00:00,2025-01-26 12:00:00,PALOVRDE_5_N101,LMP,14.36816,2025,01,26,11,00
127,2025-01-26 12:00:00,2025-01-26 13:00:00,PALOVRDE_5_N101,LMP,14.18653,2025,01,26,12,00
195,2025-01-26 12:00:00,2025-01-26 13:00:00,PALOVRDE_5_N101,Energy,37.47063,2025,01,26,12,00
207,2025-01-26 12:00:00,2025-01-26 13:00:00,PALOVRDE_5_N101,Loss,-2.34941,2025,01,26,12,00
238,2025-01-26 12:00:00,2025-01-26 13:00:00,PALOVRDE_5_N101,Greenhouse Gas,0.0,2025,01,26,12,00
166,2025-01-26 12:00:00,2025-01-26 13:00:00,PALOVRDE_5_N101,Congestion,-20.93469,2025,01,26,12,00
188,2025-01-26 13:00:00,2025-01-26 14:00:00,PALOVRDE_5_N101,Energy,35.56444,2025,01,26,13,00
231,2025-01-26 13:00:00,2025-01-26 14:00:00,PALOVRDE_5_N101,Greenhouse Gas,0.0,2025,01,26,13,00
211,2025-01-26 13:00:00,2025-01-26 14:00:00,PALOVRDE_5_N101,Loss,-2.10897,2025,01,26,13,00
134,2025-01-26 13:00:00,2025-01-26 14:00:00,PALOVRDE_5_N101,LMP,10.94923,2025,01,26,13,00
167,2025-01-26 13:00:00,2025-01-26 14:00:00,PALOVRDE_5_N101,Congestion,-22.50624,2025,01,26,13,00
199,2025-01-26 14:00:00,2025-01-26 15:00:00,PALOVRDE_5_N101,Loss,-1.96844,2025,01,26,14,00
192,2025-01-26 14:00:00,2025-01-26 15:00:00,PALOVRDE_5_N101,Energy,34.05603,2025,01,26,14,00
140,2025-01-26 14:00:00,2025-01-26 15:00:00,PALOVRDE_5_N101,LMP,9.7675,2025,01,26,14,00
160,2025-01-26 14:00:00,2025-01-26 15:00:00,PALOVRDE_5_N101,Congestion,-22.32009,2025,01,26,14,00
239,2025-01-26 14:00:00,2025-01-26 15:00:00,PALOVRDE_5_N101,Greenhouse Gas,0.0,2025,01,26,14,00
201,2025-01-26 15:00:00,2025-01-26 16:00:00,PALOVRDE_5_N101,Loss,-2.41453,2025,01,26,15,00
178,2025-01-26 15:00:00,2025-01-26 16:00:00,PALOVRDE_5_N101,Energy,38.0241,2025,01,26,15,00
161,2025-01-26 15:00:00,2025-01-26 16:00:00,PALOVRDE_5_N101,Congestion,-21.11833,2025,01,26,15,00
147,2025-01-26 15:00:00,2025-01-26 16:00:00,PALOVRDE_5_N101,LMP,14.49124,2025,01,26,15,00
243,2025-01-26 15:00:00,2025-01-26 16:00:00,PALOVRDE_5_N101,Greenhouse Gas,0.0,2025,01,26,15,00
227,2025-01-26 16:00:00,2025-01-26 17:00:00,PALOVRDE_5_N101,Greenhouse Gas,0.0,2025,01,26,16,00
130,2025-01-26 16:00:00,2025-01-26 17:00:00,PALOVRDE_5_N101,LMP,22.74552,2025,01,26,16,00
215,2025-01-26 16:00:00,2025-01-26 17:00:00,PALOVRDE_5_N101,Loss,-3.15382,2025,01,26,16,00
170,2025-01-26 16:00:00,2025-01-26 17:00:00,PALOVRDE_5_N101,Congestion,-23.14921,2025,01,26,16,00
183,2025-01-26 16:00:00,2025-01-26 17:00:00,PALOVRDE_5_N101,Energy,49.04855,2025,01,26,16,00
194,2025-01-26 17:00:00,2025-01-26 18:00:00,PALOVRDE_5_N101,Energy,60.59781,2025,01,26,17,00
128,2025-01-26 17:00:00,2025-01-26 18:00:00,PALOVRDE_5_N101,LMP,48.52853,2025,01,26,17,00
240,2025-01-26 17:00:00,2025-01-26 18:00:00,PALOVRDE_5_N101,Greenhouse Gas,0.0,2025,01,26,17,00
209,2025-01-26 17:00:00,2025-01-26 18:00:00,PALOVRDE_5_N101,Loss,-3.9025,2025,01,26,17,00
157,2025-01-26 17:00:00,2025-01-26 18:00:00,PALOVRDE_5_N101,Congestion,-8.16678,2025,01,26,17,00
222,2025-01-26 18:00:00,2025-01-26 19:00:00,PALOVRDE_5_N101,Greenhouse Gas,0.0,2025,01,26,18,00
151,2025-01-26 18:00:00,2025-01-26 19:00:00,PALOVRDE_5_N101,Congestion,-10.29656,2025,01,26,18,00
177,2025-01-26 18:00:00,2025-01-26 19:00:00,PALOVRDE_5_N101,Energy,66.63231,2025,01,26,18,00
135,2025-01-26 18:00:00,2025-01-26 19:00:00,PALOVRDE_5_N101,LMP,51.17174,2025,01,26,18,00
197,2025-01-26 18:00:00,2025-01-26 19:00:00,PALOVRDE_5_N101,Loss,-5.164,2025,01,26,18,00
206,2025-01-26 19:00:00,2025-01-26 20:00:00,PALOVRDE_5_N101,Loss,-4.84161,2025,01,26,19,00
136,2025-01-26 19:00:00,2025-01-26 20:00:00,PALOVRDE_5_N101,LMP,49.66502,2025,01,26,19,00
232,2025-01-26 19:00:00,2025-01-26 20:00:00,PALOVRDE_5_N101,Greenhouse Gas,0.0,2025,01,26,19,00
162,2025-01-26 19:00:00,2025-01-26 20:00:00,PALOVRDE_5_N101,Congestion,-11.36561,2025,01,26,19,00
176,2025-01-26 19:00:00,2025-01-26 20:00:00,PALOVRDE_5_N101,Energy,65.87223,2025,01,26,19,00
171,2025-01-26 20:00:00,2025-01-26 21:00:00,PALOVRDE_5_N101,Congestion,-3.28146,2025,01,26,20,00
205,2025-01-26 20:00:00,2025-01-26 21:00:00,PALOVRDE_5_N101,Loss,-4.19607,2025,01,26,20,00
229,2025-01-26 20:00:00,2025-01-26 21:00:00,PALOVRDE_5_N101,Greenhouse Gas,0.0,2025,01,26,20,00
174,2025-01-26 20:00:00,2025-01-26 21:00:00,PALOVRDE_5_N101,Energy,63.48069,2025,01,26,20,00
129,2025-01-26 20:00:00,2025-01-26 21:00:00,PALOVRDE_5_N101,LMP,56.00316,2025,01,26,20,00
230,2025-01-26 21:00:00,2025-01-26 22:00:00,PALOVRDE_5_N101,Greenhouse Gas,0.0,2025,01,26,21,00
218,2025-01-26 21:00:00,2025-01-26 22:00:00,PALOVRDE_5_N101,Loss,-4.17045,2025,01,26,21,00
191,2025-01-26 21:00:00,2025-01-26 22:00:00,PALOVRDE_5_N101,Energy,63.28447,2025,01,26,21,00
137,2025-01-26 21:00:00,2025-01-26 22:00:00,PALOVRDE_5_N101,LMP,55.93787,2025,01,26,21,00
168,2025-01-26 21:00:00,2025-01-26 22:00:00,PALOVRDE_5_N101,Congestion,-3.17615,2025,01,26,21,00
228,2025-01-26 22:00:00,2025-01-26 23:00:00,PALOVRDE_5_N101,Greenhouse Gas,0.0,2025,01,26,22,00
213,2025-01-26 22:00:00,2025-01-26 23:00:00,PALOVRDE_5_N101,Loss,-4.20043,2025,01,26,22,00
187,2025-01-26 22:00:00,2025-01-26 23:00:00,PALOVRDE_5_N101,Energy,63.2595,2025,01,26,22,00
126,2025-01-26 22:00:00,2025-01-26 23:00:00,PALOVRDE_5_N101,LMP,56.08727,2025,01,26,22,00
158,2025-01-26 22:00:00,2025-01-26 23:00:00,PALOVRDE_5_N101,Congestion,-2.9718,2025,01,26,22,00
169,2025-01-26 23:00:00,2025-01-27 00:00:00,PALOVRDE_5_N101,Congestion,-1.41641,2025,01,26,23,00
225,2025-01-26 23:00:00,2025-01-27 00:00:00,PALOVRDE_5_N101,Greenhouse Gas,0.0,2025,01,26,23,00
217,2025-01-26 23:00:00,2025-01-27 00:00:00,PALOVRDE_5_N101,Loss,-3.28389,2025,01,26,23,00
193,2025-01-26 23:00:00,2025-01-27 00:00:00,PALOVRDE_5_N101,Energy,57.61209,2025,01,26,23,00
141,2025-01-26 23:00:00,2025-01-27 00:00:00,PALOVRDE_5_N101,LMP,52.91179,2025,01,26,23,00
138,2025-01-27 00:00:00,2025-01-27 01:00:00,PALOVRDE_5_N101,LMP,49.84164,2025,01,27,00,00
220,2025-01-27 00:00:00,2025-01-27 01:00:00,PALOVRDE_5_N101,Loss,-2.55715,2025,01,27,00,00
172,2025-01-27 00:00:00,2025-01-27 01:00:00,PALOVRDE_5_N101,Congestion,-0.00191,2025,01,27,00,00
173,2025-01-27 00:00:00,2025-01-27 01:00:00,PALOVRDE_5_N101,Energy,52.40071,2025,01,27,00,00
241,2025-01-27 00:00:00,2025-01-27 01:00:00,PALOVRDE_5_N101,Greenhouse Gas,0.0,2025,01,27,00,00
271,2025-01-27 01:00:00,2025-01-27 02:00:00,PALOVRDE_5_N101,Congestion,0.0,2025,01,27,01,00
342,2025-01-27 01:00:00,2025-01-27 02:00:00,PALOVRDE_5_N101,Greenhouse Gas,0.0,2025,01,27,01,00
295,2025-01-27 01:00:00,2025-01-27 02:00:00,PALOVRDE_5_N101,Energy,55.89303,2025,01,27,01,00
259,2025-01-27 01:00:00,2025-01-27 02:00:00,PALOVRDE_5_N101,LMP,53.09838,2025,01,27,01,00
331,2025-01-27 01:00:00,2025-01-27 02:00:00,PALOVRDE_5_N101,Loss,-2.79465,2025,01,27,01,00
288,2025-01-27 02:00:00,2025-01-27 03:00:00,PALOVRDE_5_N101,Congestion,0.0,2025,01,27,02,00
330,2025-01-27 02:00:00,2025-01-27 03:00:00,PALOVRDE_5_N101,Loss,-2.70693,2025,01,27,02,00
349,2025-01-27 02:00:00,2025-01-27 03:00:00,PALOVRDE_5_N101,Greenhouse Gas,0.0,2025,01,27,02,00
254,2025-01-27 02:00:00,2025-01-27 03:00:00,PALOVRDE_5_N101,LMP,52.87693,2025,01,27,02,00
310,2025-01-27 02:00:00,2025-01-27 03:00:00,PALOVRDE_5_N101,Energy,55.58386,2025,01,27,02,00
329,2025-01-27 03:00:00,2025-01-27 04:00:00,PALOVRDE_5_N101,Loss,-2.69458,2025,01,27,03,00
249,2025-01-27 03:00:00,2025-01-27 04:00:00,PALOVRDE_5_N101,LMP,52.5222,2025,01,27,03,00
299,2025-01-27 03:00:00,2025-01-27 04:00:00,PALOVRDE_5_N101,Energy,55.21677,2025,01,27,03,00
355,2025-01-27 03:00:00,2025-01-27 04:00:00,PALOVRDE_5_N101,Greenhouse Gas,0.0,2025,01,27,03,00
292,2025-01-27 03:00:00,2025-01-27 04:00:00,PALOVRDE_5_N101,Congestion,0.0,2025,01,27,03,00
255,2025-01-27 04:00:00,2025-01-27 05:00:00,PALOVRDE_5_N101,LMP,52.55932,2025,01,27,04,00
305,2025-01-27 04:00:00,2025-01-27 05:00:00,PALOVRDE_5_N101,Energy,55.36056,2025,01,27,04,00
335,2025-01-27 04:00:00,2025-01-27 05:00:00,PALOVRDE_5_N101,Loss,-2.80124,2025,01,27,04,00
269,2025-01-27 04:00:00,2025-01-27 05:00:00,PALOVRDE_5_N101,Congestion,0.0,2025,01,27,04,00
341,2025-01-27 04:00:00,2025-01-27 05:00:00,PALOVRDE_5_N101,Greenhouse Gas,0.0,2025,01,27,04,00
276,2025-01-27 05:00:00,2025-01-27 06:00:00,PALOVRDE_5_N101,Congestion,0.0,2025,01,27,05,00
308,2025-01-27 05:00:00,2025-01-27 06:00:00,PALOVRDE_5_N101,Energy,60.24776,2025,01,27,05,00
334,2025-01-27 05:00:00,2025-01-27 06:00:00,PALOVRDE_5_N101,Loss,-3.19313,2025,01,27,05,00
256,2025-01-27 05:00:00,2025-01-27 06:00:00,PALOVRDE_5_N101,LMP,57.05463,2025,01,27,05,00
364,2025-01-27 05:00:00,2025-01-27 06:00:00,PALOVRDE_5_N101,Greenhouse Gas,0.0,2025,01,27,05,00
257,2025-01-27 06:00:00,2025-01-27 07:00:00,PALOVRDE_5_N101,LMP,61.77646,2025,01,27,06,00
344,2025-01-27 06:00:00,2025-01-27 07:00:00,PALOVRDE_5_N101,Greenhouse Gas,0.0,2025,01,27,06,00
270,2025-01-27 06:00:00,2025-01-27 07:00:00,PALOVRDE_5_N101,Congestion,-2.06209,2025,01,27,06,00
326,2025-01-27 06:00:00,2025-01-27 07:00:00,PALOVRDE_5_N101,Loss,-3.80136,2025,01,27,06,00
293,2025-01-27 06:00:00,2025-01-27 07:00:00,PALOVRDE_5_N101,Energy,67.63992,2025,01,27,06,00
325,2025-01-27 07:00:00,2025-01-27 08:00:00,PALOVRDE_5_N101,Loss,-4.45697,2025,01,27,07,00
281,2025-01-27 07:00:00,2025-01-27 08:00:00,PALOVRDE_5_N101,Congestion,-1.37755,2025,01,27,07,00
351,2025-01-27 07:00:00,2025-01-27 08:00:00,PALOVRDE_5_N101,Greenhouse Gas,0.0,2025,01,27,07,00
260,2025-01-27 07:00:00,2025-01-27 08:00:00,PALOVRDE_5_N101,LMP,62.94591,2025,01,27,07,00
304,2025-01-27 07:00:00,2025-01-27 08:00:00,PALOVRDE_5_N101,Energy,68.78044,2025,01,27,07,00
274,2025-01-27 08:00:00,2025-01-27 09:00:00,PALOVRDE_5_N101,Congestion,-1.64858,2025,01,27,08,00
266,2025-01-27 08:00:00,2025-01-27 09:00:00,PALOVRDE_5_N101,LMP,65.26234,2025,01,27,08,00
324,2025-01-27 08:00:00,2025-01-27 09:00:00,PALOVRDE_5_N101,Loss,-5.77094,2025,01,27,08,00
345,2025-01-27 08:00:00,2025-01-27 09:00:00,PALOVRDE_5_N101,Greenhouse Gas,0.0,2025,01,27,08,00
312,2025-01-27 08:00:00,2025-01-27 09:00:00,PALOVRDE_5_N101,Energy,72.68185,2025,01,27,08,00
360,2025-01-27 09:00:00,2025-01-27 10:00:00,PALOVRDE_5_N101,Greenhouse Gas,0.0,2025,01,27,09,00
303,2025-01-27 09:00:00,2025-01-27 10:00:00,PALOVRDE_5_N101,Energy,61.17423,2025,01,27,09,00
318,2025-01-27 09:00:00,2025-01-27 10:00:00,PALOVRDE_5_N101,Loss,-4.64312,2025,01,27,09,00
261,2025-01-27 09:00:00,2025-01-27 10:00:00,PALOVRDE_5_N101,LMP,51.52098,2025,01,27,09,00
282,2025-01-27 09:00:00,2025-01-27 10:00:00,PALOVRDE_5_N101,Congestion,-5.01012,2025,01,27,09,00
339,2025-01-27 10:00:00,2025-01-27 11:00:00,PALOVRDE_5_N101,Loss,-3.46541,2025,01,27,10,00
346,2025-01-27 10:00:00,2025-01-27 11:00:00,PALOVRDE_5_N101,Greenhouse Gas,0.0,2025,01,27,10,00
272,2025-01-27 10:00:00,2025-01-27 11:00:00,PALOVRDE_5_N101,Congestion,-8.14926,2025,01,27,10,00
313,2025-01-27 10:00:00,2025-01-27 11:00:00,PALOVRDE_5_N101,Energy,50.29627,2025,01,27,10,00
250,2025-01-27 10:00:00,2025-01-27 11:00:00,PALOVRDE_5_N101,LMP,38.6816,2025,01,27,10,00
307,2025-01-27 11:00:00,2025-01-27 12:00:00,PALOVRDE_5_N101,Energy,44.45079,2025,01,27,11,00
327,2025-01-27 11:00:00,2025-01-27 12:00:00,PALOVRDE_5_N101,Loss,-2.97376,2025,01,27,11,00
245,2025-01-27 11:00:00,2025-01-27 12:00:00,PALOVRDE_5_N101,LMP,36.4167,2025,01,27,11,00
343,2025-01-27 11:00:00,2025-01-27 12:00:00,PALOVRDE_5_N101,Greenhouse Gas,0.0,2025,01,27,11,00
284,2025-01-27 11:00:00,2025-01-27 12:00:00,PALOVRDE_5_N101,Congestion,-5.06033,2025,01,27,11,00
356,2025-01-27 12:00:00,2025-01-27 13:00:00,PALOVRDE_5_N101,Greenhouse Gas,0.0,2025,01,27,12,00
263,2025-01-27 12:00:00,2025-01-27 13:00:00,PALOVRDE_5_N101,LMP,35.43604,2025,01,27,12,00
277,2025-01-27 12:00:00,2025-01-27 13:00:00,PALOVRDE_5_N101,Congestion,-3.17568,2025,01,27,12,00
323,2025-01-27 12:00:00,2025-01-27 13:00:00,PALOVRDE_5_N101,Loss,-2.40349,2025,01,27,12,00
311,2025-01-27 12:00:00,2025-01-27 13:00:00,PALOVRDE_5_N101,Energy,41.01521,2025,01,27,12,00
298,2025-01-27 13:00:00,2025-01-27 14:00:00,PALOVRDE_5_N101,Energy,38.14315,2025,01,27,13,00
361,2025-01-27 13:00:00,2025-01-27 14:00:00,PALOVRDE_5_N101,Greenhouse Gas,0.0,2025,01,27,13,00
268,2025-01-27 13:00:00,2025-01-27 14:00:00,PALOVRDE_5_N101,LMP,33.19733,2025,01,27,13,00
321,2025-01-27 13:00:00,2025-01-27 14:00:00,PALOVRDE_5_N101,Loss,-2.2657,2025,01,27,13,00
289,2025-01-27 13:00:00,2025-01-27 14:00:00,PALOVRDE_5_N101,Congestion,-2.68011,2025,01,27,13,00
347,2025-01-27 14:00:00,2025-01-27 15:00:00,PALOVRDE_5_N101,Greenhouse Gas,0.0,2025,01,27,14,00
264,2025-01-27 14:00:00,2025-01-27 15:00:00,PALOVRDE_5_N101,LMP,28.88443,2025,01,27,14,00
285,2025-01-27 14:00:00,2025-01-27 15:00:00,PALOVRDE_5_N101,Congestion,-2.53203,2025,01,27,14,00
297,2025-01-27 14:00:00,2025-01-27 15:00:00,PALOVRDE_5_N101,Energy,33.31544,2025,01,27,14,00
332,2025-01-27 14:00:00,2025-01-27 15:00:00,PALOVRDE_5_N101,Loss,-1.89898,2025,01,27,14,00
362,2025-01-27 15:00:00,2025-01-27 16:00:00,PALOVRDE_5_N101,Greenhouse Gas,0.0,2025,01,27,15,00
328,2025-01-27 15:00:00,2025-01-27 16:00:00,PALOVRDE_5_N101,Loss,-2.1911,2025,01,27,15,00
267,2025-01-27 15:00:00,2025-01-27 16:00:00,PALOVRDE_5_N101,LMP,31.73528,2025,01,27,15,00
286,2025-01-27 15:00:00,2025-01-27 16:00:00,PALOVRDE_5_N101,Congestion,-2.3501,2025,01,27,15,00
302,2025-01-27 15:00:00,2025-01-27 16:00:00,PALOVRDE_5_N101,Energy,36.27648,2025,01,27,15,00
278,2025-01-27 16:00:00,2025-01-27 17:00:00,PALOVRDE_5_N101,Congestion,-3.30763,2025,01,27,16,00
296,2025-01-27 16:00:00,2025-01-27 17:00:00,PALOVRDE_5_N101,Energy,45.24515,2025,01,27,16,00
322,2025-01-27 16:00:00,2025-01-27 17:00:00,PALOVRDE_5_N101,Loss,-2.86854,2025,01,27,16,00
350,2025-01-27 16:00:00,2025-01-27 17:00:00,PALOVRDE_5_N101,Greenhouse Gas,0.0,2025,01,27,16,00
258,2025-01-27 16:00:00,2025-01-27 17:00:00,PALOVRDE_5_N101,LMP,39.06897,2025,01,27,16,00
262,2025-01-27 17:00:00,2025-01-27 18:00:00,PALOVRDE_5_N101,LMP,57.33494,2025,01,27,17,00
279,2025-01-27 17:00:00,2025-01-27 18:00:00,PALOVRDE_5_N101,Congestion,-0.54471,2025,01,27,17,00
352,2025-01-27 17:00:00,2025-01-27 18:00:00,PALOVRDE_5_N101,Greenhouse Gas,0.0,2025,01,27,17,00
301,2025-01-27 17:00:00,2025-01-27 18:00:00,PALOVRDE_5_N101,Energy,61.68566,2025,01,27,17,00
333,2025-01-27 17:00:00,2025-01-27 18:00:00,PALOVRDE_5_N101,Loss,-3.806,2025,01,27,17,00
246,2025-01-27 18:00:00,2025-01-27 19:00:00,PALOVRDE_5_N101,LMP,62.17604,2025,01,27,18,00
348,2025-01-27 18:00:00,2025-01-27 19:00:00,PALOVRDE_5_N101,Greenhouse Gas,0.0,2025,01,27,18,00
314,2025-01-27 18:00:00,2025-01-27 19:00:00,PALOVRDE_5_N101,Energy,68.45707,2025,01,27,18,00
283,2025-01-27 18:00:00,2025-01-27 19:00:00,PALOVRDE_5_N101,Congestion,-1.59172,2025,01,27,18,00
320,2025-01-27 18:00:00,2025-01-27 19:00:00,PALOVRDE_5_N101,Loss,-4.68931,2025,01,27,18,00
251,2025-01-27 19:00:00,2025-01-27 20:00:00,PALOVRDE_5_N101,LMP,62.31517,2025,01,27,19,00
338,2025-01-27 19:00:00,2025-01-27 20:00:00,PALOVRDE_5_N101,Loss,-5.14358,2025,01,27,19,00
353,2025-01-27 19:00:00,2025-01-27 20:00:00,PALOVRDE_5_N101,Greenhouse Gas,0.0,2025,01,27,19,00
306,2025-01-27 19:00:00,2025-01-27 20:00:00,PALOVRDE_5_N101,Energy,69.69622,2025,01,27,19,00
280,2025-01-27 19:00:00,2025-01-27 20:00:00,PALOVRDE_5_N101,Congestion,-2.23747,2025,01,27,19,00
275,2025-01-27 20:00:00,2025-01-27 21:00:00,PALOVRDE_5_N101,Congestion,-2.23162,2025,01,27,20,00
358,2025-01-27 20:00:00,2025-01-27 21:00:00,PALOVRDE_5_N101,Greenhouse Gas,0.0,2025,01,27,20,00
316,2025-01-27 20:00:00,2025-01-27 21:00:00,PALOVRDE_5_N101,Energy,69.23712,2025,01,27,20,00
265,2025-01-27 20:00:00,2025-01-27 21:00:00,PALOVRDE_5_N101,LMP,62.11736,2025,01,27,20,00
319,2025-01-27 20:00:00,2025-01-27 21:00:00,PALOVRDE_5_N101,Loss,-4.88814,2025,01,27,20,00
357,2025-01-27 21:00:00,2025-01-27 22:00:00,PALOVRDE_5_N101,Greenhouse Gas,0.0,2025,01,27,21,00
287,2025-01-27 21:00:00,2025-01-27 22:00:00,PALOVRDE_5_N101,Congestion,-2.23759,2025,01,27,21,00
340,2025-01-27 21:00:00,2025-01-27 22:00:00,PALOVRDE_5_N101,Loss,-4.52627,2025,01,27,21,00
247,2025-01-27 21:00:00,2025-01-27 22:00:00,PALOVRDE_5_N101,LMP,62.33945,2025,01,27,21,00
294,2025-01-27 21:00:00,2025-01-27 22:00:00,PALOVRDE_5_N101,Energy,69.1033,2025,01,27,21,00
290,2025-01-27 22:00:00,2025-01-27 23:00:00,PALOVRDE_5_N101,Congestion,-2.08714,2025,01,27,22,00
315,2025-01-27 22:00:00,2025-01-27 23:00:00,PALOVRDE_5_N101,Energy,68.21477,2025,01,27,22,00
359,2025-01-27 22:00:00,2025-01-27 23:00:00,PALOVRDE_5_N101,Greenhouse Gas,0.0,2025,01,27,22,00
336,2025-01-27 22:00:00,2025-01-27 23:00:00,PALOVRDE_5_N101,Loss,-4.26342,2025,01,27,22,00
248,2025-01-27 22:00:00,2025-01-27 23:00:00,PALOVRDE_5_N101,LMP,61.8642,2025,01,27,22,00
337,2025-01-27 23:00:00,2025-01-28 00:00:00,PALOVRDE_5_N101,Loss,-3.7685,2025,01,27,23,00
291,2025-01-27 23:00:00,2025-01-28 00:00:00,PALOVRDE_5_N101,Congestion,-0.33885,2025,01,27,23,00
252,2025-01-27 23:00:00,2025-01-28 00:00:00,PALOVRDE_5_N101,LMP,62.94788,2025,01,27,23,00
300,2025-01-27 23:00:00,2025-01-28 00:00:00,PALOVRDE_5_N101,Energy,67.05524,2025,01,27,23,00
363,2025-01-27 23:00:00,2025-01-28 00:00:00,PALOVRDE_5_N101,Greenhouse Gas,0.0,2025,01,27,23,00
354,2025-01-28 00:00:00,2025-01-28 01:00:00,PALOVRDE_5_N101,Greenhouse Gas,0.0,2025,01,28,00,00
253,2025-01-28 00:00:00,2025-01-28 01:00:00,PALOVRDE_5_N101,LMP,61.89327,2025,01,28,00,00
309,2025-01-28 00:00:00,2025-01-28 01:00:00,PALOVRDE_5_N101,Energy,65.42629,2025,01,28,00,00
273,2025-01-28 00:00:00,2025-01-28 01:00:00,PALOVRDE_5_N101,Congestion,0.0,2025,01,28,00,00
317,2025-01-28 00:00:00,2025-01-28 01:00:00,PALOVRDE_5_N101,Loss,-3.53302,2025,01,28,00,00
448,2025-01-28 01:00:00,2025-01-28 02:00:00,PALOVRDE_5_N101,Loss,-3.04495,2025,01,28,01,00
409,2025-01-28 01:00:00,2025-01-28 02:00:00,PALOVRDE_5_N101,Congestion,0.0,2025,01,28,01,00
436,2025-01-28 01:00:00,2025-01-28 02:00:00,PALOVRDE_5_N101,Energy,61.02109,2025,01,28,01,00
483,2025-01-28 01:00:00,2025-01-28 02:00:00,PALOVRDE_5_N101,Greenhouse Gas,0.0,2025,01,28,01,00
365,2025-01-28 01:00:00,2025-01-28 02:00:00,PALOVRDE_5_N101,LMP,57.97614,2025,01,28,01,00
480,2025-01-28 02:00:00,2025-01-28 03:00:00,PALOVRDE_5_N101,Greenhouse Gas,0.0,2025,01,28,02,00
445,2025-01-28 02:00:00,2025-01-28 03:00:00,PALOVRDE_5_N101,Loss,-2.9125,2025,01,28,02,00
421,2025-01-28 02:00:00,2025-01-28 03:00:00,PALOVRDE_5_N101,Energy,59.68229,2025,01,28,02,00
374,2025-01-28 02:00:00,2025-01-28 03:00:00,PALOVRDE_5_N101,LMP,56.7698,2025,01,28,02,00
398,2025-01-28 02:00:00,2025-01-28 03:00:00,PALOVRDE_5_N101,Congestion,0.0,2025,01,28,02,00
394,2025-01-28 03:00:00,2025-01-28 04:00:00,PALOVRDE_5_N101,Congestion,0.0,2025,01,28,03,00
426,2025-01-28 03:00:00,2025-01-28 04:00:00,PALOVRDE_5_N101,Energy,59.30656,2025,01,28,03,00
372,2025-01-28 03:00:00,2025-01-28 04:00:00,PALOVRDE_5_N101,LMP,56.58439,2025,01,28,03,00
474,2025-01-28 03:00:00,2025-01-28 04:00:00,PALOVRDE_5_N101,Greenhouse Gas,0.0,2025,01,28,03,00
457,2025-01-28 03:00:00,2025-01-28 04:00:00,PALOVRDE_5_N101,Loss,-2.72217,2025,01,28,03,00
407,2025-01-28 04:00:00,2025-01-28 05:00:00,PALOVRDE_5_N101,Congestion,0.0,2025,01,28,04,00
453,2025-01-28 04:00:00,2025-01-28 05:00:00,PALOVRDE_5_N101,Loss,-2.82271,2025,01,28,04,00
467,2025-01-28 04:00:00,2025-01-28 05:00:00,PALOVRDE_5_N101,Greenhouse Gas,0.0,2025,01,28,04,00
415,2025-01-28 04:00:00,2025-01-28 05:00:00,PALOVRDE_5_N101,Energy,59.42541,2025,01,28,04,00
381,2025-01-28 04:00:00,2025-01-28 05:00:00,PALOVRDE_5_N101,LMP,56.60271,2025,01,28,04,00
410,2025-01-28 05:00:00,2025-01-28 06:00:00,PALOVRDE_5_N101,Congestion,0.0,2025,01,28,05,00
437,2025-01-28 05:00:00,2025-01-28 06:00:00,PALOVRDE_5_N101,Loss,-3.14795,2025,01,28,05,00
433,2025-01-28 05:00:00,2025-01-28 06:00:00,PALOVRDE_5_N101,Energy,66.8355,2025,01,28,05,00
464,2025-01-28 05:00:00,2025-01-28 06:00:00,PALOVRDE_5_N101,Greenhouse Gas,0.0,2025,01,28,05,00
368,2025-01-28 05:00:00,2025-01-28 06:00:00,PALOVRDE_5_N101,LMP,63.68754,2025,01,28,05,00
376,2025-01-28 06:00:00,2025-01-28 07:00:00,PALOVRDE_5_N101,LMP,69.5806,2025,01,28,06,00
473,2025-01-28 06:00:00,2025-01-28 07:00:00,PALOVRDE_5_N101,Greenhouse Gas,0.0,2025,01,28,06,00
395,2025-01-28 06:00:00,2025-01-28 07:00:00,PALOVRDE_5_N101,Congestion,0.0,2025,01,28,06,00
450,2025-01-28 06:00:00,2025-01-28 07:00:00,PALOVRDE_5_N101,Loss,-3.5313,2025,01,28,06,00
416,2025-01-28 06:00:00,2025-01-28 07:00:00,PALOVRDE_5_N101,Energy,73.1119,2025,01,28,06,00
434,2025-01-28 07:00:00,2025-01-28 08:00:00,PALOVRDE_5_N101,Energy,78.52468,2025,01,28,07,00
444,2025-01-28 07:00:00,2025-01-28 08:00:00,PALOVRDE_5_N101,Loss,-4.24818,2025,01,28,07,00
377,2025-01-28 07:00:00,2025-01-28 08:00:00,PALOVRDE_5_N101,LMP,74.27649,2025,01,28,07,00
471,2025-01-28 07:00:00,2025-01-28 08:00:00,PALOVRDE_5_N101,Greenhouse Gas,0.0,2025,01,28,07,00
406,2025-01-28 07:00:00,2025-01-28 08:00:00,PALOVRDE_5_N101,Congestion,0.0,2025,01,28,07,00
382,2025-01-28 08:00:00,2025-01-28 09:00:00,PALOVRDE_5_N101,LMP,70.54181,2025,01,28,08,00
422,2025-01-28 08:00:00,2025-01-28 09:00:00,PALOVRDE_5_N101,Energy,76.10509,2025,01,28,08,00
470,2025-01-28 08:00:00,2025-01-28 09:00:00,PALOVRDE_5_N101,Greenhouse Gas,0.0,2025,01,28,08,00
399,2025-01-28 08:00:00,2025-01-28 09:00:00,PALOVRDE_5_N101,Congestion,0.0,2025,01,28,08,00
459,2025-01-28 08:00:00,2025-01-28 09:00:00,PALOVRDE_5_N101,Loss,-5.56328,2025,01,28,08,00
408,2025-01-28 09:00:00,2025-01-28 10:00:00,PALOVRDE_5_N101,Congestion,-19.70952,2025,01,28,09,00
413,2025-01-28 09:00:00,2025-01-28 10:00:00,PALOVRDE_5_N101,Energy,52.07323,2025,01,28,09,00
468,2025-01-28 09:00:00,2025-01-28 10:00:00,PALOVRDE_5_N101,Greenhouse Gas,0.0,2025,01,28,09,00
383,2025-01-28 09:00:00,2025-01-28 10:00:00,PALOVRDE_5_N101,LMP,27.34385,2025,01,28,09,00
455,2025-01-28 09:00:00,2025-01-28 10:00:00,PALOVRDE_5_N101,Loss,-5.01986,2025,01,28,09,00
431,2025-01-28 10:00:00,2025-01-28 11:00:00,PALOVRDE_5_N101,Energy,41.35416,2025,01,28,10,00
439,2025-01-28 10:00:00,2025-01-28 11:00:00,PALOVRDE_5_N101,Loss,-3.65157,2025,01,28,10,00
466,2025-01-28 10:00:00,2025-01-28 11:00:00,PALOVRDE_5_N101,Greenhouse Gas,0.0,2025,01,28,10,00
396,2025-01-28 10:00:00,2025-01-28 11:00:00,PALOVRDE_5_N101,Congestion,-17.70259,2025,01,28,10,00
378,2025-01-28 10:00:00,2025-01-28 11:00:00,PALOVRDE_5_N101,LMP,20.0,2025,01,28,10,00
465,2025-01-28 11:00:00,2025-01-28 12:00:00,PALOVRDE_5_N101,Greenhouse Gas,0.0,2025,01,28,11,00
443,2025-01-28 11:00:00,2025-01-28 12:00:00,PALOVRDE_5_N101,Loss,-2.72991,2025,01,28,11,00
427,2025-01-28 11:00:00,2025-01-28 12:00:00,PALOVRDE_5_N101,Energy,33.78599,2025,01,28,11,00
400,2025-01-28 11:00:00,2025-01-28 12:00:00,PALOVRDE_5_N101,Congestion,-14.27893,2025,01,28,11,00
373,2025-01-28 11:00:00,2025-01-28 12:00:00,PALOVRDE_5_N101,LMP,16.77715,2025,01,28,11,00
389,2025-01-28 12:00:00,2025-01-28 13:00:00,PALOVRDE_5_N101,Congestion,-12.77871,2025,01,28,12,00
463,2025-01-28 12:00:00,2025-01-28 13:00:00,PALOVRDE_5_N101,Greenhouse Gas,0.0,2025,01,28,12,00
447,2025-01-28 12:00:00,2025-01-28 13:00:00,PALOVRDE_5_N101,Loss,-2.23314,2025,01,28,12,00
379,2025-01-28 12:00:00,2025-01-28 13:00:00,PALOVRDE_5_N101,LMP,14.48808,2025,01,28,12,00
414,2025-01-28 12:00:00,2025-01-28 13:00:00,PALOVRDE_5_N101,Energy,29.49993,2025,01,28,12,00
452,2025-01-28 13:00:00,2025-01-28 14:00:00,PALOVRDE_5_N101,Loss,-1.91344,2025,01,28,13,00
417,2025-01-28 13:00:00,2025-01-28 14:00:00,PALOVRDE_5_N101,Energy,26.42867,2025,01,28,13,00
388,2025-01-28 13:00:00,2025-01-28 14:00:00,PALOVRDE_5_N101,LMP,12.36546,2025,01,28,13,00
462,2025-01-28 13:00:00,2025-01-28 14:00:00,PALOVRDE_5_N101,Greenhouse Gas,0.0,2025,01,28,13,00
402,2025-01-28 13:00:00,2025-01-28 14:00:00,PALOVRDE_5_N101,Congestion,-12.14977,2025,01,28,13,00
423,2025-01-28 14:00:00,2025-01-28 15:00:00,PALOVRDE_5_N101,Energy,22.67289,2025,01,28,14,00
479,2025-01-28 14:00:00,2025-01-28 15:00:00,PALOVRDE_5_N101,Greenhouse Gas,0.0,2025,01,28,14,00
442,2025-01-28 14:00:00,2025-01-28 15:00:00,PALOVRDE_5_N101,Loss,-1.57577,2025,01,28,14,00
392,2025-01-28 14:00:00,2025-01-28 15:00:00,PALOVRDE_5_N101,Congestion,-11.72118,2025,01,28,14,00
369,2025-01-28 14:00:00,2025-01-28 15:00:00,PALOVRDE_5_N101,LMP,9.37594,2025,01,28,14,00
478,2025-01-28 15:00:00,2025-01-28 16:00:00,PALOVRDE_5_N101,Greenhouse Gas,0.0,2025,01,28,15,00
458,2025-01-28 15:00:00,2025-01-28 16:00:00,PALOVRDE_5_N101,Loss,-1.75565,2025,01,28,15,00
419,2025-01-28 15:00:00,2025-01-28 16:00:00,PALOVRDE_5_N101,Energy,25.44416,2025,01,28,15,00
370,2025-01-28 15:00:00,2025-01-28 16:00:00,PALOVRDE_5_N101,LMP,11.22234,2025,01,28,15,00
401,2025-01-28 15:00:00,2025-01-28 16:00:00,PALOVRDE_5_N101,Congestion,-12.46617,2025,01,28,15,00
477,2025-01-28 16:00:00,2025-01-28 17:00:00,PALOVRDE_5_N101,Greenhouse Gas,0.0,2025,01,28,16,00
384,2025-01-28 16:00:00,2025-01-28 17:00:00,PALOVRDE_5_N101,LMP,19.13979,2025,01,28,16,00
390,2025-01-28 16:00:00,2025-01-28 17:00:00,PALOVRDE_5_N101,Congestion,-15.56834,2025,01,28,16,00
454,2025-01-28 16:00:00,2025-01-28 17:00:00,PALOVRDE_5_N101,Loss,-2.7777,2025,01,28,16,00
420,2025-01-28 16:00:00,2025-01-28 17:00:00,PALOVRDE_5_N101,Energy,37.48583,2025,01,28,16,00
386,2025-01-28 17:00:00,2025-01-28 18:00:00,PALOVRDE_5_N101,LMP,50.71047,2025,01,28,17,00
461,2025-01-28 17:00:00,2025-01-28 18:00:00,PALOVRDE_5_N101,Greenhouse Gas,0.0,2025,01,28,17,00
418,2025-01-28 17:00:00,2025-01-28 18:00:00,PALOVRDE_5_N101,Energy,54.41038,2025,01,28,17,00
451,2025-01-28 17:00:00,2025-01-28 18:00:00,PALOVRDE_5_N101,Loss,-3.69991,2025,01,28,17,00
403,2025-01-28 17:00:00,2025-01-28 18:00:00,PALOVRDE_5_N101,Congestion,0.0,2025,01,28,17,00
391,2025-01-28 18:00:00,2025-01-28 19:00:00,PALOVRDE_5_N101,Congestion,-1.00616,2025,01,28,18,00
424,2025-01-28 18:00:00,2025-01-28 19:00:00,PALOVRDE_5_N101,Energy,65.73184,2025,01,28,18,00
380,2025-01-28 18:00:00,2025-01-28 19:00:00,PALOVRDE_5_N101,LMP,59.5,2025,01,28,18,00
482,2025-01-28 18:00:00,2025-01-28 19:00:00,PALOVRDE_5_N101,Greenhouse Gas,0.0,2025,01,28,18,00
460,2025-01-28 18:00:00,2025-01-28 19:00:00,PALOVRDE_5_N101,Loss,-5.22568,2025,01,28,18,00
371,2025-01-28 19:00:00,2025-01-28 20:00:00,PALOVRDE_5_N101,LMP,59.54768,2025,01,28,19,00
432,2025-01-28 19:00:00,2025-01-28 20:00:00,PALOVRDE_5_N101,Energy,66.28338,2025,01,28,19,00
411,2025-01-28 19:00:00,2025-01-28 20:00:00,PALOVRDE_5_N101,Congestion,-1.04195,2025,01,28,19,00
475,2025-01-28 19:00:00,2025-01-28 20:00:00,PALOVRDE_5_N101,Greenhouse Gas,0.0,2025,01,28,19,00
449,2025-01-28 19:00:00,2025-01-28 20:00:00,PALOVRDE_5_N101,Loss,-5.69374,2025,01,28,19,00
476,2025-01-28 20:00:00,2025-01-28 21:00:00,PALOVRDE_5_N101,Greenhouse Gas,0.0,2025,01,28,20,00
441,2025-01-28 20:00:00,2025-01-28 21:00:00,PALOVRDE_5_N101,Loss,-4.68748,2025,01,28,20,00
397,2025-01-28 20:00:00,2025-01-28 21:00:00,PALOVRDE_5_N101,Congestion,-0.28224,2025,01,28,20,00
435,2025-01-28 20:00:00,2025-01-28 21:00:00,PALOVRDE_5_N101,Energy,64.2121,2025,01,28,20,00
367,2025-01-28 20:00:00,2025-01-28 21:00:00,PALOVRDE_5_N101,LMP,59.24238,2025,01,28,20,00
456,2025-01-28 21:00:00,2025-01-28 22:00:00,PALOVRDE_5_N101,Loss,-4.96219,2025,01,28,21,00
404,2025-01-28 21:00:00,2025-01-28 22:00:00,PALOVRDE_5_N101,Congestion,-0.31883,2025,01,28,21,00
472,2025-01-28 21:00:00,2025-01-28 22:00:00,PALOVRDE_5_N101,Greenhouse Gas,0.0,2025,01,28,21,00
428,2025-01-28 21:00:00,2025-01-28 22:00:00,PALOVRDE_5_N101,Energy,64.52784,2025,01,28,21,00
387,2025-01-28 21:00:00,2025-01-28 22:00:00,PALOVRDE_5_N101,LMP,59.24683,2025,01,28,21,00
481,2025-01-28 22:00:00,2025-01-28 23:00:00,PALOVRDE_5_N101,Greenhouse Gas,0.0,2025,01,28,22,00
385,2025-01-28 22:00:00,2025-01-28 23:00:00,PALOVRDE_5_N101,LMP,58.92809,2025,01,28,22,00
425,2025-01-28 22:00:00,2025-01-28 23:00:00,PALOVRDE_5_N101,Energy,63.68905,2025,01,28,22,00
412,2025-01-28 22:00:00,2025-01-28 23:00:00,PALOVRDE_5_N101,Congestion,-0.29635,2025,01,28,22,00
446,2025-01-28 22:00:00,2025-01-28 23:00:00,PALOVRDE_5_N101,Loss,-4.4646,2025,01,28,22,00
484,2025-01-28 23:00:00,2025-01-29 00:00:00,PALOVRDE_5_N101,Greenhouse Gas,0.0,2025,01,28,23,00
440,2025-01-28 23:00:00,2025-01-29 00:00:00,PALOVRDE_5_N101,Loss,-3.997,2025,01,28,23,00
429,2025-01-28 23:00:00,2025-01-29 00:00:00,PALOVRDE_5_N101,Energy,62.25849,2025,01,28,23,00
405,2025-01-28 23:00:00,2025-01-29 00:00:00,PALOVRDE_5_N101,Congestion,0.0,2025,01,28,23,00
375,2025-01-28 23:00:00,2025-01-29 00:00:00,PALOVRDE_5_N101,LMP,58.2615,2025,01,28,23,00
366,2025-01-29 00:00:00,2025-01-29 01:00:00,PALOVRDE_5_N101,LMP,53.14153,2025,01,29,00,00
438,2025-01-29 00:00:00,2025-01-29 01:00:00,PALOVRDE_5_N101,Loss,-3.03939,2025,01,29,00,00
469,2025-01-29 00:00:00,2025-01-29 01:00:00,PALOVRDE_5_N101,Greenhouse Gas,0.0,2025,01,29,00,00
393,2025-01-29 00:00:00,2025-01-29 01:00:00,PALOVRDE_5_N101,Congestion,0.0,2025,01,29,00,00
430,2025-01-29 00:00:00,2025-01-29 01:00:00,PALOVRDE_5_N101,Energy,56.18092,2025,01,29,00,00
604,2025-01-29 01:00:00,2025-01-29 02:00:00,PALOVRDE_5_N101,Greenhouse Gas,0.0,2025,01,29,01,00
508,2025-01-29 01:00:00,2025-01-29 02:00:00,PALOVRDE_5_N101,LMP,47.45328,2025,01,29,01,00
556,2025-01-29 01:00:00,2025-01-29 02:00:00,PALOVRDE_5_N101,Energy,49.97187,2025,01,29,01,00
580,2025-01-29 01:00:00,2025-01-29 02:00:00,PALOVRDE_5_N101,Loss,-2.51858,2025,01,29,01,00
526,2025-01-29 01:00:00,2025-01-29 02:00:00,PALOVRDE_5_N101,Congestion,0.0,2025,01,29,01,00
507,2025-01-29 02:00:00,2025-01-29 03:00:00,PALOVRDE_5_N101,LMP,46.3586,2025,01,29,02,00
538,2025-01-29 02:00:00,2025-01-29 03:00:00,PALOVRDE_5_N101,Energy,48.66534,2025,01,29,02,00
570,2025-01-29 02:00:00,2025-01-29 03:00:00,PALOVRDE_5_N101,Loss,-2.30674,2025,01,29,02,00
524,2025-01-29 02:00:00,2025-01-29 03:00:00,PALOVRDE_5_N101,Congestion,0.0,2025,01,29,02,00
598,2025-01-29 02:00:00,2025-01-29 03:00:00,PALOVRDE_5_N101,Greenhouse Gas,0.0,2025,01,29,02,00
546,2025-01-29 03:00:00,2025-01-29 04:00:00,PALOVRDE_5_N101,Energy,49.03592,2025,01,29,03,00
518,2025-01-29 03:00:00,2025-01-29 04:00:00,PALOVRDE_5_N101,Congestion,0.0,2025,01,29,03,00
601,2025-01-29 03:00:00,2025-01-29 04:00:00,PALOVRDE_5_N101,Greenhouse Gas,0.0,2025,01,29,03,00
505,2025-01-29 03:00:00,2025-01-29 04:00:00,PALOVRDE_5_N101,LMP,46.71652,2025,01,29,03,00
563,2025-01-29 03:00:00,2025-01-29 04:00:00,PALOVRDE_5_N101,Loss,-2.3194,2025,01,29,03,00
504,2025-01-29 04:00:00,2025-01-29 05:00:00,PALOVRDE_5_N101,LMP,47.01602,2025,01,29,04,00
523,2025-01-29 04:00:00,2025-01-29 05:00:00,PALOVRDE_5_N101,Congestion,0.0,2025,01,29,04,00
537,2025-01-29 04:00:00,2025-01-29 05:00:00,PALOVRDE_5_N101,Energy,49.52704,2025,01,29,04,00
576,2025-01-29 04:00:00,2025-01-29 05:00:00,PALOVRDE_5_N101,Loss,-2.51102,2025,01,29,04,00
590,2025-01-29 04:00:00,2025-01-29 05:00:00,PALOVRDE_5_N101,Greenhouse Gas,0.0,2025,01,29,04,00
503,2025-01-29 05:00:00,2025-01-29 06:00:00,PALOVRDE_5_N101,LMP,50.69217,2025,01,29,05,00
568,2025-01-29 05:00:00,2025-01-29 06:00:00,PALOVRDE_5_N101,Loss,-2.66239,2025,01,29,05,00
550,2025-01-29 05:00:00,2025-01-29 06:00:00,PALOVRDE_5_N101,Energy,53.35457,2025,01,29,05,00
603,2025-01-29 05:00:00,2025-01-29 06:00:00,PALOVRDE_5_N101,Greenhouse Gas,0.0,2025,01,29,05,00
516,2025-01-29 05:00:00,2025-01-29 06:00:00,PALOVRDE_5_N101,Congestion,0.0,2025,01,29,05,00
533,2025-01-29 06:00:00,2025-01-29 07:00:00,PALOVRDE_5_N101,Energy,62.01681,2025,01,29,06,00
562,2025-01-29 06:00:00,2025-01-29 07:00:00,PALOVRDE_5_N101,Loss,-3.01402,2025,01,29,06,00
582,2025-01-29 06:00:00,2025-01-29 07:00:00,PALOVRDE_5_N101,Greenhouse Gas,0.0,2025,01,29,06,00
488,2025-01-29 06:00:00,2025-01-29 07:00:00,PALOVRDE_5_N101,LMP,59.0028,2025,01,29,06,00
511,2025-01-29 06:00:00,2025-01-29 07:00:00,PALOVRDE_5_N101,Congestion,0.0,2025,01,29,06,00
551,2025-01-29 07:00:00,2025-01-29 08:00:00,PALOVRDE_5_N101,Energy,65.68658,2025,01,29,07,00
567,2025-01-29 07:00:00,2025-01-29 08:00:00,PALOVRDE_5_N101,Loss,-3.54051,2025,01,29,07,00
498,2025-01-29 07:00:00,2025-01-29 08:00:00,PALOVRDE_5_N101,LMP,62.14608,2025,01,29,07,00
596,2025-01-29 07:00:00,2025-01-29 08:00:00,PALOVRDE_5_N101,Greenhouse Gas,0.0,2025,01,29,07,00
522,2025-01-29 07:00:00,2025-01-29 08:00:00,PALOVRDE_5_N101,Congestion,0.0,2025,01,29,07,00
539,2025-01-29 08:00:00,2025-01-29 09:00:00,PALOVRDE_5_N101,Energy,65.61894,2025,01,29,08,00
588,2025-01-29 08:00:00,2025-01-29 09:00:00,PALOVRDE_5_N101,Greenhouse Gas,0.0,2025,01,29,08,00
566,2025-01-29 08:00:00,2025-01-29 09:00:00,PALOVRDE_5_N101,Loss,-5.53824,2025,01,29,08,00
497,2025-01-29 08:00:00,2025-01-29 09:00:00,PALOVRDE_5_N101,LMP,60.0807,2025,01,29,08,00
514,2025-01-29 08:00:00,2025-01-29 09:00:00,PALOVRDE_5_N101,Congestion,0.0,2025,01,29,08,00
547,2025-01-29 09:00:00,2025-01-29 10:00:00,PALOVRDE_5_N101,Energy,44.70877,2025,01,29,09,00
493,2025-01-29 09:00:00,2025-01-29 10:00:00,PALOVRDE_5_N101,LMP,23.99001,2025,01,29,09,00
513,2025-01-29 09:00:00,2025-01-29 10:00:00,PALOVRDE_5_N101,Congestion,-16.99005,2025,01,29,09,00
575,2025-01-29 09:00:00,2025-01-29 10:00:00,PALOVRDE_5_N101,Loss,-3.72871,2025,01,29,09,00
593,2025-01-29 09:00:00,2025-01-29 10:00:00,PALOVRDE_5_N101,Greenhouse Gas,0.0,2025,01,29,09,00
541,2025-01-29 10:00:00,2025-01-29 11:00:00,PALOVRDE_5_N101,Energy,34.49029,2025,01,29,10,00
578,2025-01-29 10:00:00,2025-01-29 11:00:00,PALOVRDE_5_N101,Loss,-2.8351,2025,01,29,10,00
500,2025-01-29 10:00:00,2025-01-29 11:00:00,PALOVRDE_5_N101,LMP,15.54285,2025,01,29,10,00
515,2025-01-29 10:00:00,2025-01-29 11:00:00,PALOVRDE_5_N101,Congestion,-16.11234,2025,01,29,10,00
592,2025-01-29 10:00:00,2025-01-29 11:00:00,PALOVRDE_5_N101,Greenhouse Gas,0.0,2025,01,29,10,00
581,2025-01-29 11:00:00,2025-01-29 12:00:00,PALOVRDE_5_N101,Greenhouse Gas,0.0,2025,01,29,11,00
565,2025-01-29 11:00:00,2025-01-29 12:00:00,PALOVRDE_5_N101,Loss,-2.03105,2025,01,29,11,00
499,2025-01-29 11:00:00,2025-01-29 12:00:00,PALOVRDE_5_N101,LMP,11.9607,2025,01,29,11,00
510,2025-01-29 11:00:00,2025-01-29 12:00:00,PALOVRDE_5_N101,Congestion,-13.08893,2025,01,29,11,00
542,2025-01-29 11:00:00,2025-01-29 12:00:00,PALOVRDE_5_N101,Energy,27.08069,2025,01,29,11,00
594,2025-01-29 12:00:00,2025-01-29 13:00:00,PALOVRDE_5_N101,Greenhouse Gas,0.0,2025,01,29,12,00
552,2025-01-29 12:00:00,2025-01-29 13:00:00,PALOVRDE_5_N101,Energy,25.00966,2025,01,29,12,00
496,2025-01-29 12:00:00,2025-01-29 13:00:00,PALOVRDE_5_N101,LMP,11.8661,2025,01,29,12,00
574,2025-01-29 12:00:00,2025-01-29 13:00:00,PALOVRDE_5_N101,Loss,-1.85572,2025,01,29,12,00
512,2025-01-29 12:00:00,2025-01-29 13:00:00,PALOVRDE_5_N101,Congestion,-11.28784,2025,01,29,12,00
540,2025-01-29 13:00:00,2025-01-29 14:00:00,PALOVRDE_5_N101,Energy,19.44314,2025,01,29,13,00
532,2025-01-29 13:00:00,2025-01-29 14:00:00,PALOVRDE_5_N101,Congestion,-11.09847,2025,01,29,13,00
602,2025-01-29 13:00:00,2025-01-29 14:00:00,PALOVRDE_5_N101,Greenhouse Gas,0.0,2025,01,29,13,00
485,2025-01-29 13:00:00,2025-01-29 14:00:00,PALOVRDE_5_N101,LMP,6.88061,2025,01,29,13,00
573,2025-01-29 13:00:00,2025-01-29 14:00:00,PALOVRDE_5_N101,Loss,-1.46407,2025,01,29,13,00
600,2025-01-29 14:00:00,2025-01-29 15:00:00,PALOVRDE_5_N101,Greenhouse Gas,0.0,2025,01,29,14,00
555,2025-01-29 14:00:00,2025-01-29 15:00:00,PALOVRDE_5_N101,Energy,15.67616,2025,01,29,14,00
530,2025-01-29 14:00:00,2025-01-29 15:00:00,PALOVRDE_5_N101,Congestion,-10.37332,2025,01,29,14,00
492,2025-01-29 14:00:00,2025-01-29 15:00:00,PALOVRDE_5_N101,LMP,4.1428,2025,01,29,14,00
557,2025-01-29 14:00:00,2025-01-29 15:00:00,PALOVRDE_5_N101,Loss,-1.16004,2025,01,29,14,00
560,2025-01-29 15:00:00,2025-01-29 16:00:00,PALOVRDE_5_N101,Loss,-1.26457,2025,01,29,15,00
591,2025-01-29 15:00:00,2025-01-29 16:00:00,PALOVRDE_5_N101,Greenhouse Gas,0.0,2025,01,29,15,00
553,2025-01-29 15:00:00,2025-01-29 16:00:00,PALOVRDE_5_N101,Energy,16.97406,2025,01,29,15,00
495,2025-01-29 15:00:00,2025-01-29 16:00:00,PALOVRDE_5_N101,LMP,3.72563,2025,01,29,15,00
529,2025-01-29 15:00:00,2025-01-29 16:00:00,PALOVRDE_5_N101,Congestion,-11.98386,2025,01,29,15,00
595,2025-01-29 16:00:00,2025-01-29 17:00:00,PALOVRDE_5_N101,Greenhouse Gas,0.0,2025,01,29,16,00
559,2025-01-29 16:00:00,2025-01-29 17:00:00,PALOVRDE_5_N101,Loss,-1.55599,2025,01,29,16,00
535,2025-01-29 16:00:00,2025-01-29 17:00:00,PALOVRDE_5_N101,Energy,27.2503,2025,01,29,16,00
491,2025-01-29 16:00:00,2025-01-29 17:00:00,PALOVRDE_5_N101,LMP,10.72556,2025,01,29,16,00
521,2025-01-29 16:00:00,2025-01-29 17:00:00,PALOVRDE_5_N101,Congestion,-14.96874,2025,01,29,16,00
561,2025-01-29 17:00:00,2025-01-29 18:00:00,PALOVRDE_5_N101,Loss,-3.00571,2025,01,29,17,00
543,2025-01-29 17:00:00,2025-01-29 18:00:00,PALOVRDE_5_N101,Energy,47.33408,2025,01,29,17,00
528,2025-01-29 17:00:00,2025-01-29 18:00:00,PALOVRDE_5_N101,Congestion,0.0,2025,01,29,17,00
502,2025-01-29 17:00:00,2025-01-29 18:00:00,PALOVRDE_5_N101,LMP,44.32837,2025,01,29,17,00
589,2025-01-29 17:00:00,2025-01-29 18:00:00,PALOVRDE_5_N101,Greenhouse Gas,0.0,2025,01,29,17,00
494,2025-01-29 18:00:00,2025-01-29 19:00:00,PALOVRDE_5_N101,LMP,55.29251,2025,01,29,18,00
572,2025-01-29 18:00:00,2025-01-29 19:00:00,PALOVRDE_5_N101,Loss,-4.36946,2025,01,29,18,00
520,2025-01-29 18:00:00,2025-01-29 19:00:00,PALOVRDE_5_N101,Congestion,-1.194,2025,01,29,18,00
554,2025-01-29 18:00:00,2025-01-29 19:00:00,PALOVRDE_5_N101,Energy,60.85597,2025,01,29,18,00
587,2025-01-29 18:00:00,2025-01-29 19:00:00,PALOVRDE_5_N101,Greenhouse Gas,0.0,2025,01,29,18,00
490,2025-01-29 19:00:00,2025-01-29 20:00:00,PALOVRDE_5_N101,LMP,54.68049,2025,01,29,19,00
536,2025-01-29 19:00:00,2025-01-29 20:00:00,PALOVRDE_5_N101,Energy,61.00756,2025,01,29,19,00
579,2025-01-29 19:00:00,2025-01-29 20:00:00,PALOVRDE_5_N101,Loss,-5.18564,2025,01,29,19,00
519,2025-01-29 19:00:00,2025-01-29 20:00:00,PALOVRDE_5_N101,Congestion,-1.14142,2025,01,29,19,00
586,2025-01-29 19:00:00,2025-01-29 20:00:00,PALOVRDE_5_N101,Greenhouse Gas,0.0,2025,01,29,19,00
599,2025-01-29 20:00:00,2025-01-29 21:00:00,PALOVRDE_5_N101,Greenhouse Gas,0.0,2025,01,29,20,00
544,2025-01-29 20:00:00,2025-01-29 21:00:00,PALOVRDE_5_N101,Energy,57.93877,2025,01,29,20,00
487,2025-01-29 20:00:00,2025-01-29 21:00:00,PALOVRDE_5_N101,LMP,53.40358,2025,01,29,20,00
531,2025-01-29 20:00:00,2025-01-29 21:00:00,PALOVRDE_5_N101,Congestion,-0.46789,2025,01,29,20,00
569,2025-01-29 20:00:00,2025-01-29 21:00:00,PALOVRDE_5_N101,Loss,-4.0673,2025,01,29,20,00
486,2025-01-29 21:00:00,2025-01-29 22:00:00,PALOVRDE_5_N101,LMP,53.48665,2025,01,29,21,00
525,2025-01-29 21:00:00,2025-01-29 22:00:00,PALOVRDE_5_N101,Congestion,-0.48834,2025,01,29,21,00
585,2025-01-29 21:00:00,2025-01-29 22:00:00,PALOVRDE_5_N101,Greenhouse Gas,0.0,2025,01,29,21,00
548,2025-01-29 21:00:00,2025-01-29 22:00:00,PALOVRDE_5_N101,Energy,58.57297,2025,01,29,21,00
564,2025-01-29 21:00:00,2025-01-29 22:00:00,PALOVRDE_5_N101,Loss,-4.59798,2025,01,29,21,00
527,2025-01-29 22:00:00,2025-01-29 23:00:00,PALOVRDE_5_N101,Congestion,-0.48442,2025,01,29,22,00
506,2025-01-29 22:00:00,2025-01-29 23:00:00,PALOVRDE_5_N101,LMP,52.84423,2025,01,29,22,00
584,2025-01-29 22:00:00,2025-01-29 23:00:00,PALOVRDE_5_N101,Greenhouse Gas,0.0,2025,01,29,22,00
571,2025-01-29 22:00:00,2025-01-29 23:00:00,PALOVRDE_5_N101,Loss,-4.12519,2025,01,29,22,00
549,2025-01-29 22:00:00,2025-01-29 23:00:00,PALOVRDE_5_N101,Energy,57.45383,2025,01,29,22,00
558,2025-01-29 23:00:00,2025-01-30 00:00:00,PALOVRDE_5_N101,Loss,-3.28797,2025,01,29,23,00
597,2025-01-29 23:00:00,2025-01-30 00:00:00,PALOVRDE_5_N101,Greenhouse Gas,0.0,2025,01,29,23,00
534,2025-01-29 23:00:00,2025-01-30 00:00:00,PALOVRDE_5_N101,Energy,55.16722,2025,01,29,23,00
517,2025-01-29 23:00:00,2025-01-30 00:00:00,PALOVRDE_5_N101,Congestion,0.0,2025,01,29,23,00
501,2025-01-29 23:00:00,2025-01-30 00:00:00,PALOVRDE_5_N101,LMP,51.87926,2025,01,29,23,00
509,2025-01-30 00:00:00,2025-01-30 01:00:00,PALOVRDE_5_N101,Congestion,0.0,2025,01,30,00,00
489,2025-01-30 00:00:00,2025-01-30 01:00:00,PALOVRDE_5_N101,LMP,47.67932,2025,01,30,00,00
545,2025-01-30 00:00:00,2025-01-30 01:00:00,PALOVRDE_5_N101,Energy,50.35307,2025,01,30,00,00
577,2025-01-30 00:00:00,2025-01-30 01:00:00,PALOVRDE_5_N101,Loss,-2.67375,2025,01,30,00,00
583,2025-01-30 00:00:00,2025-01-30 01:00:00,PALOVRDE_5_N101,Greenhouse Gas,0.0,2025,01,30,00,00
633,2025-01-30 01:00:00,2025-01-30 02:00:00,PALOVRDE_5_N101,Congestion,0.0,2025,01,30,01,00
663,2025-01-30 01:00:00,2025-01-30 02:00:00,PALOVRDE_5_N101,Energy,43.81741,2025,01,30,01,00
692,2025-01-30 01:00:00,2025-01-30 02:00:00,PALOVRDE_5_N101,Loss,-2.65972,2025,01,30,01,00
628,2025-01-30 01:00:00,2025-01-30 02:00:00,PALOVRDE_5_N101,LMP,41.15769,2025,01,30,01,00
705,2025-01-30 01:00:00,2025-01-30 02:00:00,PALOVRDE_5_N101,Greenhouse Gas,0.0,2025,01,30,01,00
639,2025-01-30 02:00:00,2025-01-30 03:00:00,PALOVRDE_5_N101,Congestion,0.0,2025,01,30,02,00
691,2025-01-30 02:00:00,2025-01-30 03:00:00,PALOVRDE_5_N101,Loss,-2.51206,2025,01,30,02,00
656,2025-01-30 02:00:00,2025-01-30 03:00:00,PALOVRDE_5_N101,Energy,42.64962,2025,01,30,02,00
622,2025-01-30 02:00:00,2025-01-30 03:00:00,PALOVRDE_5_N101,LMP,40.13755,2025,01,30,02,00
716,2025-01-30 02:00:00,2025-01-30 03:00:00,PALOVRDE_5_N101,Greenhouse Gas,0.0,2025,01,30,02,00
674,2025-01-30 03:00:00,2025-01-30 04:00:00,PALOVRDE_5_N101,Energy,42.43131,2025,01,30,03,00
623,2025-01-30 03:00:00,2025-01-30 04:00:00,PALOVRDE_5_N101,LMP,40.0,2025,01,30,03,00
704,2025-01-30 03:00:00,2025-01-30 04:00:00,PALOVRDE_5_N101,Greenhouse Gas,0.0,2025,01,30,03,00
690,2025-01-30 03:00:00,2025-01-30 04:00:00,PALOVRDE_5_N101,Loss,-2.43131,2025,01,30,03,00
640,2025-01-30 03:00:00,2025-01-30 04:00:00,PALOVRDE_5_N101,Congestion,0.0,2025,01,30,03,00
605,2025-01-30 04:00:00,2025-01-30 05:00:00,PALOVRDE_5_N101,LMP,39.9897,2025,01,30,04,00
683,2025-01-30 04:00:00,2025-01-30 05:00:00,PALOVRDE_5_N101,Loss,-2.50732,2025,01,30,04,00
634,2025-01-30 04:00:00,2025-01-30 05:00:00,PALOVRDE_5_N101,Congestion,0.0,2025,01,30,04,00
715,2025-01-30 04:00:00,2025-01-30 05:00:00,PALOVRDE_5_N101,Greenhouse Gas,0.0,2025,01,30,04,00
657,2025-01-30 04:00:00,2025-01-30 05:00:00,PALOVRDE_5_N101,Energy,42.49702,2025,01,30,04,00
687,2025-01-30 05:00:00,2025-01-30 06:00:00,PALOVRDE_5_N101,Loss,-2.71754,2025,01,30,05,00
670,2025-01-30 05:00:00,2025-01-30 06:00:00,PALOVRDE_5_N101,Energy,44.40426,2025,01,30,05,00
635,2025-01-30 05:00:00,2025-01-30 06:00:00,PALOVRDE_5_N101,Congestion,0.0,2025,01,30,05,00
606,2025-01-30 05:00:00,2025-01-30 06:00:00,PALOVRDE_5_N101,LMP,41.68672,2025,01,30,05,00
717,2025-01-30 05:00:00,2025-01-30 06:00:00,PALOVRDE_5_N101,Greenhouse Gas,0.0,2025,01,30,05,00
672,2025-01-30 06:00:00,2025-01-30 07:00:00,PALOVRDE_5_N101,Energy,50.91249,2025,01,30,06,00
649,2025-01-30 06:00:00,2025-01-30 07:00:00,PALOVRDE_5_N101,Congestion,0.0,2025,01,30,06,00
723,2025-01-30 06:00:00,2025-01-30 07:00:00,PALOVRDE_5_N101,Greenhouse Gas,0.0,2025,01,30,06,00
610,2025-01-30 06:00:00,2025-01-30 07:00:00,PALOVRDE_5_N101,LMP,47.79664,2025,01,30,06,00
682,2025-01-30 06:00:00,2025-01-30 07:00:00,PALOVRDE_5_N101,Loss,-3.11584,2025,01,30,06,00
658,2025-01-30 07:00:00,2025-01-30 08:00:00,PALOVRDE_5_N101,Energy,61.42352,2025,01,30,07,00
636,2025-01-30 07:00:00,2025-01-30 08:00:00,PALOVRDE_5_N101,Congestion,0.0,2025,01,30,07,00
681,2025-01-30 07:00:00,2025-01-30 08:00:00,PALOVRDE_5_N101,Loss,-4.01096,2025,01,30,07,00
709,2025-01-30 07:00:00,2025-01-30 08:00:00,PALOVRDE_5_N101,Greenhouse Gas,0.0,2025,01,30,07,00
616,2025-01-30 07:00:00,2025-01-30 08:00:00,PALOVRDE_5_N101,LMP,57.41256,2025,01,30,07,00
664,2025-01-30 08:00:00,2025-01-30 09:00:00,PALOVRDE_5_N101,Energy,60.89952,2025,01,30,08,00
708,2025-01-30 08:00:00,2025-01-30 09:00:00,PALOVRDE_5_N101,Greenhouse Gas,0.0,2025,01,30,08,00
643,2025-01-30 08:00:00,2025-01-30 09:00:00,PALOVRDE_5_N101,Congestion,-3.27246,2025,01,30,08,00
689,2025-01-30 08:00:00,2025-01-30 09:00:00,PALOVRDE_5_N101,Loss,-5.66975,2025,01,30,08,00
624,2025-01-30 08:00:00,2025-01-30 09:00:00,PALOVRDE_5_N101,LMP,51.95732,2025,01,30,08,00
703,2025-01-30 09:00:00,2025-01-30 10:00:00,PALOVRDE_5_N101,Greenhouse Gas,0.0,2025,01,30,09,00
680,2025-01-30 09:00:00,2025-01-30 10:00:00,PALOVRDE_5_N101,Loss,-4.22354,2025,01,30,09,00
645,2025-01-30 09:00:00,2025-01-30 10:00:00,PALOVRDE_5_N101,Congestion,-20.34617,2025,01,30,09,00
676,2025-01-30 09:00:00,2025-01-30 10:00:00,PALOVRDE_5_N101,Energy,39.65764,2025,01,30,09,00
625,2025-01-30 09:00:00,2025-01-30 10:00:00,PALOVRDE_5_N101,LMP,15.08793,2025,01,30,09,00
686,2025-01-30 10:00:00,2025-01-30 11:00:00,PALOVRDE_5_N101,Loss,-2.74373,2025,01,30,10,00
673,2025-01-30 10:00:00,2025-01-30 11:00:00,PALOVRDE_5_N101,Energy,28.85101,2025,01,30,10,00
702,2025-01-30 10:00:00,2025-01-30 11:00:00,PALOVRDE_5_N101,Greenhouse Gas,0.0,2025,01,30,10,00
617,2025-01-30 10:00:00,2025-01-30 11:00:00,PALOVRDE_5_N101,LMP,6.03584,2025,01,30,10,00
646,2025-01-30 10:00:00,2025-01-30 11:00:00,PALOVRDE_5_N101,Congestion,-20.07144,2025,01,30,10,00
631,2025-01-30 11:00:00,2025-01-30 12:00:00,PALOVRDE_5_N101,Congestion,-16.66933,2025,01,30,11,00
707,2025-01-30 11:00:00,2025-01-30 12:00:00,PALOVRDE_5_N101,Greenhouse Gas,0.0,2025,01,30,11,00
679,2025-01-30 11:00:00,2025-01-30 12:00:00,PALOVRDE_5_N101,Loss,-2.12516,2025,01,30,11,00
654,2025-01-30 11:00:00,2025-01-30 12:00:00,PALOVRDE_5_N101,Energy,22.90039,2025,01,30,11,00
626,2025-01-30 11:00:00,2025-01-30 12:00:00,PALOVRDE_5_N101,LMP,4.10591,2025,01,30,11,00
665,2025-01-30 12:00:00,2025-01-30 13:00:00,PALOVRDE_5_N101,Energy,19.98225,2025,01,30,12,00
684,2025-01-30 12:00:00,2025-01-30 13:00:00,PALOVRDE_5_N101,Loss,-1.8024,2025,01,30,12,00
618,2025-01-30 12:00:00,2025-01-30 13:00:00,PALOVRDE_5_N101,LMP,3.14363,2025,01,30,12,00
632,2025-01-30 12:00:00,2025-01-30 13:00:00,PALOVRDE_5_N101,Congestion,-15.03622,2025,01,30,12,00
714,2025-01-30 12:00:00,2025-01-30 13:00:00,PALOVRDE_5_N101,Greenhouse Gas,0.0,2025,01,30,12,00
630,2025-01-30 13:00:00,2025-01-30 14:00:00,PALOVRDE_5_N101,Congestion,-14.01294,2025,01,30,13,00
659,2025-01-30 13:00:00,2025-01-30 14:00:00,PALOVRDE_5_N101,Energy,14.71044,2025,01,30,13,00
612,2025-01-30 13:00:00,2025-01-30 14:00:00,PALOVRDE_5_N101,LMP,-0.58231,2025,01,30,13,00
701,2025-01-30 13:00:00,2025-01-30 14:00:00,PALOVRDE_5_N101,Greenhouse Gas,0.0,2025,01,30,13,00
700,2025-01-30 13:00:00,2025-01-30 14:00:00,PALOVRDE_5_N101,Loss,-1.27981,2025,01,30,13,00
620,2025-01-30 14:00:00,2025-01-30 15:00:00,PALOVRDE_5_N101,LMP,-1.7482,2025,01,30,14,00
694,2025-01-30 14:00:00,2025-01-30 15:00:00,PALOVRDE_5_N101,Loss,-1.11933,2025,01,30,14,00
713,2025-01-30 14:00:00,2025-01-30 15:00:00,PALOVRDE_5_N101,Greenhouse Gas,0.0,2025,01,30,14,00
650,2025-01-30 14:00:00,2025-01-30 15:00:00,PALOVRDE_5_N101,Congestion,-13.07972,2025,01,30,14,00
667,2025-01-30 14:00:00,2025-01-30 15:00:00,PALOVRDE_5_N101,Energy,12.45086,2025,01,30,14,00
607,2025-01-30 15:00:00,2025-01-30 16:00:00,PALOVRDE_5_N101,LMP,-0.68588,2025,01,30,15,00
637,2025-01-30 15:00:00,2025-01-30 16:00:00,PALOVRDE_5_N101,Congestion,-12.44318,2025,01,30,15,00
677,2025-01-30 15:00:00,2025-01-30 16:00:00,PALOVRDE_5_N101,Loss,-1.10205,2025,01,30,15,00
712,2025-01-30 15:00:00,2025-01-30 16:00:00,PALOVRDE_5_N101,Greenhouse Gas,0.0,2025,01,30,15,00
655,2025-01-30 15:00:00,2025-01-30 16:00:00,PALOVRDE_5_N101,Energy,12.85935,2025,01,30,15,00
719,2025-01-30 16:00:00,2025-01-30 17:00:00,PALOVRDE_5_N101,Greenhouse Gas,0.0,2025,01,30,16,00
608,2025-01-30 16:00:00,2025-01-30 17:00:00,PALOVRDE_5_N101,LMP,6.05009,2025,01,30,16,00
660,2025-01-30 16:00:00,2025-01-30 17:00:00,PALOVRDE_5_N101,Energy,24.74598,2025,01,30,16,00
641,2025-01-30 16:00:00,2025-01-30 17:00:00,PALOVRDE_5_N101,Congestion,-16.60485,2025,01,30,16,00
699,2025-01-30 16:00:00,2025-01-30 17:00:00,PALOVRDE_5_N101,Loss,-2.09104,2025,01,30,16,00
722,2025-01-30 17:00:00,2025-01-30 18:00:00,PALOVRDE_5_N101,Greenhouse Gas,0.0,2025,01,30,17,00
661,2025-01-30 17:00:00,2025-01-30 18:00:00,PALOVRDE_5_N101,Energy,48.33424,2025,01,30,17,00
629,2025-01-30 17:00:00,2025-01-30 18:00:00,PALOVRDE_5_N101,Congestion,0.0,2025,01,30,17,00
619,2025-01-30 17:00:00,2025-01-30 18:00:00,PALOVRDE_5_N101,LMP,44.85901,2025,01,30,17,00
678,2025-01-30 17:00:00,2025-01-30 18:00:00,PALOVRDE_5_N101,Loss,-3.47523,2025,01,30,17,00
668,2025-01-30 18:00:00,2025-01-30 19:00:00,PALOVRDE_5_N101,Energy,62.52716,2025,01,30,18,00
706,2025-01-30 18:00:00,2025-01-30 19:00:00,PALOVRDE_5_N101,Greenhouse Gas,0.0,2025,01,30,18,00
647,2025-01-30 18:00:00,2025-01-30 19:00:00,PALOVRDE_5_N101,Congestion,-3.74481,2025,01,30,18,00
613,2025-01-30 18:00:00,2025-01-30 19:00:00,PALOVRDE_5_N101,LMP,53.91774,2025,01,30,18,00
698,2025-01-30 18:00:00,2025-01-30 19:00:00,PALOVRDE_5_N101,Loss,-4.86461,2025,01,30,18,00
711,2025-01-30 19:00:00,2025-01-30 20:00:00,PALOVRDE_5_N101,Greenhouse Gas,0.0,2025,01,30,19,00
638,2025-01-30 19:00:00,2025-01-30 20:00:00,PALOVRDE_5_N101,Congestion,-4.17086,2025,01,30,19,00
614,2025-01-30 19:00:00,2025-01-30 20:00:00,PALOVRDE_5_N101,LMP,52.61307,2025,01,30,19,00
693,2025-01-30 19:00:00,2025-01-30 20:00:00,PALOVRDE_5_N101,Loss,-5.13966,2025,01,30,19,00
675,2025-01-30 19:00:00,2025-01-30 20:00:00,PALOVRDE_5_N101,Energy,61.92359,2025,01,30,19,00
688,2025-01-30 20:00:00,2025-01-30 21:00:00,PALOVRDE_5_N101,Loss,-4.3459,2025,01,30,20,00
609,2025-01-30 20:00:00,2025-01-30 21:00:00,PALOVRDE_5_N101,LMP,51.80671,2025,01,30,20,00
669,2025-01-30 20:00:00,2025-01-30 21:00:00,PALOVRDE_5_N101,Energy,59.12791,2025,01,30,20,00
648,2025-01-30 20:00:00,2025-01-30 21:00:00,PALOVRDE_5_N101,Congestion,-2.9753,2025,01,30,20,00
710,2025-01-30 20:00:00,2025-01-30 21:00:00,PALOVRDE_5_N101,Greenhouse Gas,0.0,2025,01,30,20,00
697,2025-01-30 21:00:00,2025-01-30 22:00:00,PALOVRDE_5_N101,Loss,-4.53554,2025,01,30,21,00
718,2025-01-30 21:00:00,2025-01-30 22:00:00,PALOVRDE_5_N101,Greenhouse Gas,0.0,2025,01,30,21,00
627,2025-01-30 21:00:00,2025-01-30 22:00:00,PALOVRDE_5_N101,LMP,51.80334,2025,01,30,21,00
653,2025-01-30 21:00:00,2025-01-30 22:00:00,PALOVRDE_5_N101,Energy,59.13347,2025,01,30,21,00
651,2025-01-30 21:00:00,2025-01-30 22:00:00,PALOVRDE_5_N101,Congestion,-2.79459,2025,01,30,21,00
621,2025-01-30 22:00:00,2025-01-30 23:00:00,PALOVRDE_5_N101,LMP,51.9318,2025,01,30,22,00
666,2025-01-30 22:00:00,2025-01-30 23:00:00,PALOVRDE_5_N101,Energy,58.69686,2025,01,30,22,00
721,2025-01-30 22:00:00,2025-01-30 23:00:00,PALOVRDE_5_N101,Greenhouse Gas,0.0,2025,01,30,22,00
696,2025-01-30 22:00:00,2025-01-30 23:00:00,PALOVRDE_5_N101,Loss,-4.00313,2025,01,30,22,00
652,2025-01-30 22:00:00,2025-01-30 23:00:00,PALOVRDE_5_N101,Congestion,-2.76193,2025,01,30,22,00
611,2025-01-30 23:00:00,2025-01-31 00:00:00,PALOVRDE_5_N101,LMP,50.68185,2025,01,30,23,00
724,2025-01-30 23:00:00,2025-01-31 00:00:00,PALOVRDE_5_N101,Greenhouse Gas,0.0,2025,01,30,23,00
644,2025-01-30 23:00:00,2025-01-31 00:00:00,PALOVRDE_5_N101,Congestion,-2.43014,2025,01,30,23,00
671,2025-01-30 23:00:00,2025-01-31 00:00:00,PALOVRDE_5_N101,Energy,56.73752,2025,01,30,23,00
695,2025-01-30 23:00:00,2025-01-31 00:00:00,PALOVRDE_5_N101,Loss,-3.62553,2025,01,30,23,00
642,2025-01-31 00:00:00,2025-01-31 01:00:00,PALOVRDE_5_N101,Congestion,-0.30128,2025,01,31,00,00
662,2025-01-31 00:00:00,2025-01-31 01:00:00,PALOVRDE_5_N101,Energy,50.20041,2025,01,31,00,00
720,2025-01-31 00:00:00,2025-01-31 01:00:00,PALOVRDE_5_N101,Greenhouse Gas,0.0,2025,01,31,00,00
685,2025-01-31 00:00:00,2025-01-31 01:00:00,PALOVRDE_5_N101,Loss,-2.96182,2025,01,31,00,00
615,2025-01-31 00:00:00,2025-01-31 01:00:00,PALOVRDE_5_N101,LMP,46.93731,2025,01,31,00,00
800,2025-01-31 01:00:00,2025-01-31 02:00:00,PALOVRDE_5_N101,Loss,-2.69006,2025,01,31,01,00
776,2025-01-31 01:00:00,2025-01-31 02:00:00,PALOVRDE_5_N101,Energy,47.11143,2025,01,31,01,00
830,2025-01-31 01:00:00,2025-01-31 02:00:00,PALOVRDE_5_N101,Greenhouse Gas,0.0,2025,01,31,01,00
735,2025-01-31 01:00:00,2025-01-31 02:00:00,PALOVRDE_5_N101,LMP,44.42137,2025,01,31,01,00
769,2025-01-31 01:00:00,2025-01-31 02:00:00,PALOVRDE_5_N101,Congestion,0.0,2025,01,31,01,00
822,2025-01-31 02:00:00,2025-01-31 03:00:00,PALOVRDE_5_N101,Greenhouse Gas,0.0,2025,01,31,02,00
787,2025-01-31 02:00:00,2025-01-31 03:00:00,PALOVRDE_5_N101,Energy,45.54967,2025,01,31,02,00
765,2025-01-31 02:00:00,2025-01-31 03:00:00,PALOVRDE_5_N101,Congestion,0.0,2025,01,31,02,00
727,2025-01-31 02:00:00,2025-01-31 03:00:00,PALOVRDE_5_N101,LMP,42.92601,2025,01,31,02,00
794,2025-01-31 02:00:00,2025-01-31 03:00:00,PALOVRDE_5_N101,Loss,-2.62366,2025,01,31,02,00
772,2025-01-31 03:00:00,2025-01-31 04:00:00,PALOVRDE_5_N101,Energy,45.34405,2025,01,31,03,00
738,2025-01-31 03:00:00,2025-01-31 04:00:00,PALOVRDE_5_N101,LMP,42.88186,2025,01,31,03,00
753,2025-01-31 03:00:00,2025-01-31 04:00:00,PALOVRDE_5_N101,Congestion,0.0,2025,01,31,03,00
815,2025-01-31 03:00:00,2025-01-31 04:00:00,PALOVRDE_5_N101,Loss,-2.46218,2025,01,31,03,00
826,2025-01-31 03:00:00,2025-01-31 04:00:00,PALOVRDE_5_N101,Greenhouse Gas,0.0,2025,01,31,03,00
739,2025-01-31 04:00:00,2025-01-31 05:00:00,PALOVRDE_5_N101,LMP,42.98893,2025,01,31,04,00
808,2025-01-31 04:00:00,2025-01-31 05:00:00,PALOVRDE_5_N101,Loss,-2.44911,2025,01,31,04,00
775,2025-01-31 04:00:00,2025-01-31 05:00:00,PALOVRDE_5_N101,Energy,45.43804,2025,01,31,04,00
834,2025-01-31 04:00:00,2025-01-31 05:00:00,PALOVRDE_5_N101,Greenhouse Gas,0.0,2025,01,31,04,00
761,2025-01-31 04:00:00,2025-01-31 05:00:00,PALOVRDE_5_N101,Congestion,0.0,2025,01,31,04,00
740,2025-01-31 05:00:00,2025-01-31 06:00:00,PALOVRDE_5_N101,LMP,43.94653,2025,01,31,05,00
831,2025-01-31 05:00:00,2025-01-31 06:00:00,PALOVRDE_5_N101,Greenhouse Gas,0.0,2025,01,31,05,00
751,2025-01-31 05:00:00,2025-01-31 06:00:00,PALOVRDE_5_N101,Congestion,0.0,2025,01,31,05,00
792,2025-01-31 05:00:00,2025-01-31 06:00:00,PALOVRDE_5_N101,Energy,46.4502,2025,01,31,05,00
797,2025-01-31 05:00:00,2025-01-31 06:00:00,PALOVRDE_5_N101,Loss,-2.50367,2025,01,31,05,00
807,2025-01-31 06:00:00,2025-01-31 07:00:00,PALOVRDE_5_N101,Loss,-3.18787,2025,01,31,06,00
782,2025-01-31 06:00:00,2025-01-31 07:00:00,PALOVRDE_5_N101,Energy,55.05825,2025,01,31,06,00
754,2025-01-31 06:00:00,2025-01-31 07:00:00,PALOVRDE_5_N101,Congestion,0.0,2025,01,31,06,00
839,2025-01-31 06:00:00,2025-01-31 07:00:00,PALOVRDE_5_N101,Greenhouse Gas,0.0,2025,01,31,06,00
732,2025-01-31 06:00:00,2025-01-31 07:00:00,PALOVRDE_5_N101,LMP,51.87037,2025,01,31,06,00
791,2025-01-31 07:00:00,2025-01-31 08:00:00,PALOVRDE_5_N101,Energy,61.38584,2025,01,31,07,00
758,2025-01-31 07:00:00,2025-01-31 08:00:00,PALOVRDE_5_N101,Congestion,0.0,2025,01,31,07,00
736,2025-01-31 07:00:00,2025-01-31 08:00:00,PALOVRDE_5_N101,LMP,57.45715,2025,01,31,07,00
799,2025-01-31 07:00:00,2025-01-31 08:00:00,PALOVRDE_5_N101,Loss,-3.92869,2025,01,31,07,00
835,2025-01-31 07:00:00,2025-01-31 08:00:00,PALOVRDE_5_N101,Greenhouse Gas,0.0,2025,01,31,07,00
796,2025-01-31 08:00:00,2025-01-31 09:00:00,PALOVRDE_5_N101,Loss,-5.42651,2025,01,31,08,00
742,2025-01-31 08:00:00,2025-01-31 09:00:00,PALOVRDE_5_N101,LMP,49.78463,2025,01,31,08,00
836,2025-01-31 08:00:00,2025-01-31 09:00:00,PALOVRDE_5_N101,Greenhouse Gas,0.0,2025,01,31,08,00
781,2025-01-31 08:00:00,2025-01-31 09:00:00,PALOVRDE_5_N101,Energy,60.83536,2025,01,31,08,00
762,2025-01-31 08:00:00,2025-01-31 09:00:00,PALOVRDE_5_N101,Congestion,-5.62422,2025,01,31,08,00
733,2025-01-31 09:00:00,2025-01-31 10:00:00,PALOVRDE_5_N101,LMP,18.39498,2025,01,31,09,00
823,2025-01-31 09:00:00,2025-01-31 10:00:00,PALOVRDE_5_N101,Greenhouse Gas,0.0,2025,01,31,09,00
786,2025-01-31 09:00:00,2025-01-31 10:00:00,PALOVRDE_5_N101,Energy,43.39719,2025,01,31,09,00
812,2025-01-31 09:00:00,2025-01-31 10:00:00,PALOVRDE_5_N101,Loss,-4.3267,2025,01,31,09,00
766,2025-01-31 09:00:00,2025-01-31 10:00:00,PALOVRDE_5_N101,Congestion,-20.67551,2025,01,31,09,00
813,2025-01-31 10:00:00,2025-01-31 11:00:00,PALOVRDE_5_N101,Loss,-3.47043,2025,01,31,10,00
759,2025-01-31 10:00:00,2025-01-31 11:00:00,PALOVRDE_5_N101,Congestion,-21.14747,2025,01,31,10,00
827,2025-01-31 10:00:00,2025-01-31 11:00:00,PALOVRDE_5_N101,Greenhouse Gas,0.0,2025,01,31,10,00
745,2025-01-31 10:00:00,2025-01-31 11:00:00,PALOVRDE_5_N101,LMP,10.12109,2025,01,31,10,00
774,2025-01-31 10:00:00,2025-01-31 11:00:00,PALOVRDE_5_N101,Energy,34.73899,2025,01,31,10,00
780,2025-01-31 11:00:00,2025-01-31 12:00:00,PALOVRDE_5_N101,Energy,29.05296,2025,01,31,11,00
820,2025-01-31 11:00:00,2025-01-31 12:00:00,PALOVRDE_5_N101,Greenhouse Gas,0.0,2025,01,31,11,00
811,2025-01-31 11:00:00,2025-01-31 12:00:00,PALOVRDE_5_N101,Loss,-2.93435,2025,01,31,11,00
763,2025-01-31 11:00:00,2025-01-31 12:00:00,PALOVRDE_5_N101,Congestion,-18.47431,2025,01,31,11,00
734,2025-01-31 11:00:00,2025-01-31 12:00:00,PALOVRDE_5_N101,LMP,7.6443,2025,01,31,11,00
793,2025-01-31 12:00:00,2025-01-31 13:00:00,PALOVRDE_5_N101,Energy,27.83283,2025,01,31,12,00
818,2025-01-31 12:00:00,2025-01-31 13:00:00,PALOVRDE_5_N101,Greenhouse Gas,0.0,2025,01,31,12,00
755,2025-01-31 12:00:00,2025-01-31 13:00:00,PALOVRDE_5_N101,Congestion,-17.75627,2025,01,31,12,00
814,2025-01-31 12:00:00,2025-01-31 13:00:00,PALOVRDE_5_N101,Loss,-2.7304,2025,01,31,12,00
743,2025-01-31 12:00:00,2025-01-31 13:00:00,PALOVRDE_5_N101,LMP,7.34616,2025,01,31,12,00
824,2025-01-31 13:00:00,2025-01-31 14:00:00,PALOVRDE_5_N101,Greenhouse Gas,0.0,2025,01,31,13,00
804,2025-01-31 13:00:00,2025-01-31 14:00:00,PALOVRDE_5_N101,Loss,-2.65971,2025,01,31,13,00
784,2025-01-31 13:00:00,2025-01-31 14:00:00,PALOVRDE_5_N101,Energy,26.62371,2025,01,31,13,00
748,2025-01-31 13:00:00,2025-01-31 14:00:00,PALOVRDE_5_N101,Congestion,-17.96911,2025,01,31,13,00
746,2025-01-31 13:00:00,2025-01-31 14:00:00,PALOVRDE_5_N101,LMP,5.99489,2025,01,31,13,00
816,2025-01-31 14:00:00,2025-01-31 15:00:00,PALOVRDE_5_N101,Loss,-2.20702,2025,01,31,14,00
760,2025-01-31 14:00:00,2025-01-31 15:00:00,PALOVRDE_5_N101,Congestion,-18.29111,2025,01,31,14,00
741,2025-01-31 14:00:00,2025-01-31 15:00:00,PALOVRDE_5_N101,LMP,2.44382,2025,01,31,14,00
828,2025-01-31 14:00:00,2025-01-31 15:00:00,PALOVRDE_5_N101,Greenhouse Gas,0.0,2025,01,31,14,00
773,2025-01-31 14:00:00,2025-01-31 15:00:00,PALOVRDE_5_N101,Energy,22.94195,2025,01,31,14,00
803,2025-01-31 15:00:00,2025-01-31 16:00:00,PALOVRDE_5_N101,Loss,-2.25307,2025,01,31,15,00
829,2025-01-31 15:00:00,2025-01-31 16:00:00,PALOVRDE_5_N101,Greenhouse Gas,0.0,2025,01,31,15,00
770,2025-01-31 15:00:00,2025-01-31 16:00:00,PALOVRDE_5_N101,Congestion,-18.51571,2025,01,31,15,00
790,2025-01-31 15:00:00,2025-01-31 16:00:00,PALOVRDE_5_N101,Energy,24.22661,2025,01,31,15,00
737,2025-01-31 15:00:00,2025-01-31 16:00:00,PALOVRDE_5_N101,LMP,3.45782,2025,01,31,15,00
806,2025-01-31 16:00:00,2025-01-31 17:00:00,PALOVRDE_5_N101,Loss,-2.80642,2025,01,31,16,00
726,2025-01-31 16:00:00,2025-01-31 17:00:00,PALOVRDE_5_N101,LMP,9.0,2025,01,31,16,00
749,2025-01-31 16:00:00,2025-01-31 17:00:00,PALOVRDE_5_N101,Congestion,-18.89841,2025,01,31,16,00
783,2025-01-31 16:00:00,2025-01-31 17:00:00,PALOVRDE_5_N101,Energy,30.70483,2025,01,31,16,00
821,2025-01-31 16:00:00,2025-01-31 17:00:00,PALOVRDE_5_N101,Greenhouse Gas,0.0,2025,01,31,16,00
837,2025-01-31 17:00:00,2025-01-31 18:00:00,PALOVRDE_5_N101,Greenhouse Gas,0.0,2025,01,31,17,00
798,2025-01-31 17:00:00,2025-01-31 18:00:00,PALOVRDE_5_N101,Loss,-4.46967,2025,01,31,17,00
728,2025-01-31 17:00:00,2025-01-31 18:00:00,PALOVRDE_5_N101,LMP,44.00108,2025,01,31,17,00
752,2025-01-31 17:00:00,2025-01-31 18:00:00,PALOVRDE_5_N101,Congestion,-2.78692,2025,01,31,17,00
785,2025-01-31 17:00:00,2025-01-31 18:00:00,PALOVRDE_5_N101,Energy,51.25767,2025,01,31,17,00
838,2025-01-31 18:00:00,2025-01-31 19:00:00,PALOVRDE_5_N101,Greenhouse Gas,0.0,2025,01,31,18,00
729,2025-01-31 18:00:00,2025-01-31 19:00:00,PALOVRDE_5_N101,LMP,47.71181,2025,01,31,18,00
764,2025-01-31 18:00:00,2025-01-31 19:00:00,PALOVRDE_5_N101,Congestion,-4.1058,2025,01,31,18,00
789,2025-01-31 18:00:00,2025-01-31 19:00:00,PALOVRDE_5_N101,Energy,56.21961,2025,01,31,18,00
795,2025-01-31 18:00:00,2025-01-31 19:00:00,PALOVRDE_5_N101,Loss,-4.402,2025,01,31,18,00
817,2025-01-31 19:00:00,2025-01-31 20:00:00,PALOVRDE_5_N101,Greenhouse Gas,0.0,2025,01,31,19,00
750,2025-01-31 19:00:00,2025-01-31 20:00:00,PALOVRDE_5_N101,Congestion,-3.58404,2025,01,31,19,00
810,2025-01-31 19:00:00,2025-01-31 20:00:00,PALOVRDE_5_N101,Loss,-3.97033,2025,01,31,19,00
771,2025-01-31 19:00:00,2025-01-31 20:00:00,PALOVRDE_5_N101,Energy,51.03251,2025,01,31,19,00
744,2025-01-31 19:00:00,2025-01-31 20:00:00,PALOVRDE_5_N101,LMP,43.47814,2025,01,31,19,00
756,2025-01-31 20:00:00,2025-01-31 21:00:00,PALOVRDE_5_N101,Congestion,-2.64929,2025,01,31,20,00
805,2025-01-31 20:00:00,2025-01-31 21:00:00,PALOVRDE_5_N101,Loss,-3.25685,2025,01,31,20,00
725,2025-01-31 20:00:00,2025-01-31 21:00:00,PALOVRDE_5_N101,LMP,42.63112,2025,01,31,20,00
788,2025-01-31 20:00:00,2025-01-31 21:00:00,PALOVRDE_5_N101,Energy,48.53726,2025,01,31,20,00
825,2025-01-31 20:00:00,2025-01-31 21:00:00,PALOVRDE_5_N101,Greenhouse Gas,0.0,2025,01,31,20,00
809,2025-01-31 21:00:00,2025-01-31 22:00:00,PALOVRDE_5_N101,Loss,-2.87604,2025,01,31,21,00
767,2025-01-31 21:00:00,2025-01-31 22:00:00,PALOVRDE_5_N101,Congestion,-1.83298,2025,01,31,21,00
832,2025-01-31 21:00:00,2025-01-31 22:00:00,PALOVRDE_5_N101,Greenhouse Gas,0.0,2025,01,31,21,00
779,2025-01-31 21:00:00,2025-01-31 22:00:00,PALOVRDE_5_N101,Energy,47.22554,2025,01,31,21,00
730,2025-01-31 21:00:00,2025-01-31 22:00:00,PALOVRDE_5_N101,LMP,42.51653,2025,01,31,21,00
768,2025-01-31 22:00:00,2025-01-31 23:00:00,PALOVRDE_5_N101,Congestion,-1.99689,2025,01,31,22,00
802,2025-01-31 22:00:00,2025-01-31 23:00:00,PALOVRDE_5_N101,Loss,-2.73018,2025,01,31,22,00
731,2025-01-31 22:00:00,2025-01-31 23:00:00,PALOVRDE_5_N101,LMP,42.42623,2025,01,31,22,00
819,2025-01-31 22:00:00,2025-01-31 23:00:00,PALOVRDE_5_N101,Greenhouse Gas,0.0,2025,01,31,22,00
778,2025-01-31 22:00:00,2025-01-31 23:00:00,PALOVRDE_5_N101,Energy,47.1533,2025,01,31,22,00
801,2025-01-31 23:00:00,2025-02-01 00:00:00,PALOVRDE_5_N101,Loss,-2.71191,2025,01,31,23,00
833,2025-01-31 23:00:00,2025-02-01 00:00:00,PALOVRDE_5_N101,Greenhouse Gas,0.0,2025,01,31,23,00
747,2025-01-31 23:00:00,2025-02-01 00:00:00,PALOVRDE_5_N101,LMP,41.75316,2025,01,31,23,00
757,2025-01-31 23:00:00,2025-02-01 00:00:00,PALOVRDE_5_N101,Congestion,-1.65578,2025,01,31,23,00
777,2025-01-31 23:00:00,2025-02-01 00:00:00,PALOVRDE_5_N101,Energy,46.12085,2025,01,31,23,00
